Project:name:idr0070-kerwin-hdbr/experimentA/Dataset:name:PAX6-CS15	/uod/idr/filesets/idr0070-kerwin-hdbr/20191021-original/HDBR_PAX6/CS15_IHC_transverse/CS15_N733_64.jpg	CS15_IHC_transverse/CS15_N733_64.jpg
Project:name:idr0070-kerwin-hdbr/experimentA/Dataset:name:PAX6-CS15	/uod/idr/filesets/idr0070-kerwin-hdbr/20191021-original/HDBR_PAX6/CS15_IHC_transverse/CS15_N733_65.jpg	CS15_IHC_transverse/CS15_N733_65.jpg
Project:name:idr0070-kerwin-hdbr/experimentA/Dataset:name:PAX6-CS15	/uod/idr/filesets/idr0070-kerwin-hdbr/20191021-original/HDBR_PAX6/CS15_IHC_transverse/CS15_N733_70.jpg	CS15_IHC_transverse/CS15_N733_70.jpg
Project:name:idr0070-kerwin-hdbr/experimentA/Dataset:name:PAX6-CS15	/uod/idr/filesets/idr0070-kerwin-hdbr/20191021-original/HDBR_PAX6/CS15_IHC_transverse/CS15_N733_73.jpg	CS15_IHC_transverse/CS15_N733_73.jpg
Project:name:idr0070-kerwin-hdbr/experimentA/Dataset:name:PAX6-CS15	/uod/idr/filesets/idr0070-kerwin-hdbr/20191021-original/HDBR_PAX6/CS15_IHC_transverse/CS15_N733_75.jpg	CS15_IHC_transverse/CS15_N733_75.jpg
Project:name:idr0070-kerwin-hdbr/experimentA/Dataset:name:PAX6-CS15	/uod/idr/filesets/idr0070-kerwin-hdbr/20191021-original/HDBR_PAX6/CS15_IHC_transverse/CS15_N734_50.jpg	CS15_IHC_transverse/CS15_N734_50.jpg
Project:name:idr0070-kerwin-hdbr/experimentA/Dataset:name:PAX6-CS15	/uod/idr/filesets/idr0070-kerwin-hdbr/20191021-original/HDBR_PAX6/CS15_IHC_transverse/CS15_N734_55.jpg	CS15_IHC_transverse/CS15_N734_55.jpg
Project:name:idr0070-kerwin-hdbr/experimentA/Dataset:name:PAX6-CS15	/uod/idr/filesets/idr0070-kerwin-hdbr/20191021-original/HDBR_PAX6/CS15_IHC_transverse/CS15_N734_60.jpg	CS15_IHC_transverse/CS15_N734_60.jpg
Project:name:idr0070-kerwin-hdbr/experimentA/Dataset:name:PAX6-CS15	/uod/idr/filesets/idr0070-kerwin-hdbr/20191021-original/HDBR_PAX6/CS15_IHC_transverse/CS15_N734_65.jpg	CS15_IHC_transverse/CS15_N734_65.jpg
Project:name:idr0070-kerwin-hdbr/experimentA/Dataset:name:PAX6-CS15	/uod/idr/filesets/idr0070-kerwin-hdbr/20191021-original/HDBR_PAX6/CS15_IHC_transverse/CS15_N734_70.jpg	CS15_IHC_transverse/CS15_N734_70.jpg
Project:name:idr0070-kerwin-hdbr/experimentA/Dataset:name:PAX6-CS15	/uod/idr/filesets/idr0070-kerwin-hdbr/20191021-original/HDBR_PAX6/CS15_IHC_transverse/CS15_N734_75.jpg	CS15_IHC_transverse/CS15_N734_75.jpg
Project:name:idr0070-kerwin-hdbr/experimentA/Dataset:name:PAX6-CS15	/uod/idr/filesets/idr0070-kerwin-hdbr/20191021-original/HDBR_PAX6/CS15_IHC_transverse/3DView.jpg	CS15_IHC_transverse/3DView.jpg
Project:name:idr0070-kerwin-hdbr/experimentA/Dataset:name:PAX6-CS15	/uod/idr/filesets/idr0070-kerwin-hdbr/20191021-original/HDBR_PAX6/CS15_IHC_transverse/3DView.mpg	CS15_IHC_transverse/3DView.mpg
Project:name:idr0070-kerwin-hdbr/experimentA/Dataset:name:PAX6-CS15	/uod/idr/filesets/idr0070-kerwin-hdbr/20191021-original/HDBR_PAX6/CS15_ISH/cs15_10872_19_3_pax6.jpg	CS15_ISH/cs15_10872_19_3_pax6.jpg
Project:name:idr0070-kerwin-hdbr/experimentA/Dataset:name:PAX6-CS15	/uod/idr/filesets/idr0070-kerwin-hdbr/20191021-original/HDBR_PAX6/CS15_ISH/cs15_11209_17_3_pax6.jpg	CS15_ISH/cs15_11209_17_3_pax6.jpg
Project:name:idr0070-kerwin-hdbr/experimentA/Dataset:name:PAX6-CS15	/uod/idr/filesets/idr0070-kerwin-hdbr/20191021-original/HDBR_PAX6/CS15_ISH/cs15_639_33_4_pax6.jpg	CS15_ISH/cs15_639_33_4_pax6.jpg
Project:name:idr0070-kerwin-hdbr/experimentA/Dataset:name:PAX6-CS16	/uod/idr/filesets/idr0070-kerwin-hdbr/20191021-original/HDBR_PAX6/CS16_IHC_transverse_N218/CS16_N218_110_pax6_01.jpg	CS16_IHC_transverse_N218/CS16_N218_110_pax6_01.jpg
Project:name:idr0070-kerwin-hdbr/experimentA/Dataset:name:PAX6-CS16	/uod/idr/filesets/idr0070-kerwin-hdbr/20191021-original/HDBR_PAX6/CS16_IHC_transverse_N218/CS16_N218_114_pax6_01.jpg	CS16_IHC_transverse_N218/CS16_N218_114_pax6_01.jpg
Project:name:idr0070-kerwin-hdbr/experimentA/Dataset:name:PAX6-CS16	/uod/idr/filesets/idr0070-kerwin-hdbr/20191021-original/HDBR_PAX6/CS16_IHC_transverse_N218/CS16_N218_118_pax6_01.jpg	CS16_IHC_transverse_N218/CS16_N218_118_pax6_01.jpg
Project:name:idr0070-kerwin-hdbr/experimentA/Dataset:name:PAX6-CS16	/uod/idr/filesets/idr0070-kerwin-hdbr/20191021-original/HDBR_PAX6/CS16_IHC_transverse_N218/CS16_N218_123_pax6_01.jpg	CS16_IHC_transverse_N218/CS16_N218_123_pax6_01.jpg
Project:name:idr0070-kerwin-hdbr/experimentA/Dataset:name:PAX6-CS16	/uod/idr/filesets/idr0070-kerwin-hdbr/20191021-original/HDBR_PAX6/CS16_IHC_transverse_N218/CS16_N218_129_pax6_01.jpg	CS16_IHC_transverse_N218/CS16_N218_129_pax6_01.jpg
Project:name:idr0070-kerwin-hdbr/experimentA/Dataset:name:PAX6-CS16	/uod/idr/filesets/idr0070-kerwin-hdbr/20191021-original/HDBR_PAX6/CS16_IHC_transverse_N218/CS16_N218_134_pax6_01.jpg	CS16_IHC_transverse_N218/CS16_N218_134_pax6_01.jpg
Project:name:idr0070-kerwin-hdbr/experimentA/Dataset:name:PAX6-CS16	/uod/idr/filesets/idr0070-kerwin-hdbr/20191021-original/HDBR_PAX6/CS16_IHC_transverse_N218/CS16_N218_137_pax6_01.jpg	CS16_IHC_transverse_N218/CS16_N218_137_pax6_01.jpg
Project:name:idr0070-kerwin-hdbr/experimentA/Dataset:name:PAX6-CS16	/uod/idr/filesets/idr0070-kerwin-hdbr/20191021-original/HDBR_PAX6/CS16_IHC_transverse_N218/CS16_N218_140_pax6_01.jpg	CS16_IHC_transverse_N218/CS16_N218_140_pax6_01.jpg
Project:name:idr0070-kerwin-hdbr/experimentA/Dataset:name:PAX6-CS16	/uod/idr/filesets/idr0070-kerwin-hdbr/20191021-original/HDBR_PAX6/CS16_IHC_transverse_N218/CS16_N218_145_pax6_01.jpg	CS16_IHC_transverse_N218/CS16_N218_145_pax6_01.jpg
Project:name:idr0070-kerwin-hdbr/experimentA/Dataset:name:PAX6-CS16	/uod/idr/filesets/idr0070-kerwin-hdbr/20191021-original/HDBR_PAX6/CS16_IHC_transverse_N218/CS16_N218_150_pax6_01.jpg	CS16_IHC_transverse_N218/CS16_N218_150_pax6_01.jpg
Project:name:idr0070-kerwin-hdbr/experimentA/Dataset:name:PAX6-CS16	/uod/idr/filesets/idr0070-kerwin-hdbr/20191021-original/HDBR_PAX6/CS16_IHC_transverse_N218/CS16_N218_155_pax6_01.jpg	CS16_IHC_transverse_N218/CS16_N218_155_pax6_01.jpg
Project:name:idr0070-kerwin-hdbr/experimentA/Dataset:name:PAX6-CS16	/uod/idr/filesets/idr0070-kerwin-hdbr/20191021-original/HDBR_PAX6/CS16_IHC_transverse_N218/CS16_N218_163_pax6_01.jpg	CS16_IHC_transverse_N218/CS16_N218_163_pax6_01.jpg
Project:name:idr0070-kerwin-hdbr/experimentA/Dataset:name:PAX6-CS16	/uod/idr/filesets/idr0070-kerwin-hdbr/20191021-original/HDBR_PAX6/CS16_IHC_transverse_N218/CS16_N218_170_pax6_01.jpg	CS16_IHC_transverse_N218/CS16_N218_170_pax6_01.jpg
Project:name:idr0070-kerwin-hdbr/experimentA/Dataset:name:PAX6-CS16	/uod/idr/filesets/idr0070-kerwin-hdbr/20191021-original/HDBR_PAX6/CS16_IHC_transverse_N218/3DView.jpg	CS16_IHC_transverse_N218/3DView.jpg
Project:name:idr0070-kerwin-hdbr/experimentA/Dataset:name:PAX6-CS16	/uod/idr/filesets/idr0070-kerwin-hdbr/20191021-original/HDBR_PAX6/CS16_IHC_transverse_N218/3DView.mpg	CS16_IHC_transverse_N218/3DView.mpg
Project:name:idr0070-kerwin-hdbr/experimentA/Dataset:name:PAX6-CS16	/uod/idr/filesets/idr0070-kerwin-hdbr/20191021-original/HDBR_PAX6/CS16_IHC_transverse_N510/N510_CS16_082.jpg	CS16_IHC_transverse_N510/N510_CS16_082.jpg
Project:name:idr0070-kerwin-hdbr/experimentA/Dataset:name:PAX6-CS16	/uod/idr/filesets/idr0070-kerwin-hdbr/20191021-original/HDBR_PAX6/CS16_IHC_transverse_N510/N510_CS16_085.jpg	CS16_IHC_transverse_N510/N510_CS16_085.jpg
Project:name:idr0070-kerwin-hdbr/experimentA/Dataset:name:PAX6-CS16	/uod/idr/filesets/idr0070-kerwin-hdbr/20191021-original/HDBR_PAX6/CS16_IHC_transverse_N510/N510_CS16_090.jpg	CS16_IHC_transverse_N510/N510_CS16_090.jpg
Project:name:idr0070-kerwin-hdbr/experimentA/Dataset:name:PAX6-CS16	/uod/idr/filesets/idr0070-kerwin-hdbr/20191021-original/HDBR_PAX6/CS16_IHC_transverse_N510/N510_CS16_095.jpg	CS16_IHC_transverse_N510/N510_CS16_095.jpg
Project:name:idr0070-kerwin-hdbr/experimentA/Dataset:name:PAX6-CS16	/uod/idr/filesets/idr0070-kerwin-hdbr/20191021-original/HDBR_PAX6/CS16_IHC_transverse_N510/N510_CS16_100.jpg	CS16_IHC_transverse_N510/N510_CS16_100.jpg
Project:name:idr0070-kerwin-hdbr/experimentA/Dataset:name:PAX6-CS16	/uod/idr/filesets/idr0070-kerwin-hdbr/20191021-original/HDBR_PAX6/CS16_IHC_transverse_N510/N510_CS16_105.jpg	CS16_IHC_transverse_N510/N510_CS16_105.jpg
Project:name:idr0070-kerwin-hdbr/experimentA/Dataset:name:PAX6-CS16	/uod/idr/filesets/idr0070-kerwin-hdbr/20191021-original/HDBR_PAX6/CS16_IHC_transverse_N510/N510_CS16_110.jpg	CS16_IHC_transverse_N510/N510_CS16_110.jpg
Project:name:idr0070-kerwin-hdbr/experimentA/Dataset:name:PAX6-CS16	/uod/idr/filesets/idr0070-kerwin-hdbr/20191021-original/HDBR_PAX6/CS16_IHC_transverse_N510/3DView.jpg	CS16_IHC_transverse_N510/3DView.jpg
Project:name:idr0070-kerwin-hdbr/experimentA/Dataset:name:PAX6-CS16	/uod/idr/filesets/idr0070-kerwin-hdbr/20191021-original/HDBR_PAX6/CS16_IHC_transverse_N510/3DView.mpg	CS16_IHC_transverse_N510/3DView.mpg
Project:name:idr0070-kerwin-hdbr/experimentA/Dataset:name:PAX6-CS16	/uod/idr/filesets/idr0070-kerwin-hdbr/20191021-original/HDBR_PAX6/CS16_ISH/cs16_10024_11_1_pax6.jpg	CS16_ISH/cs16_10024_11_1_pax6.jpg
Project:name:idr0070-kerwin-hdbr/experimentA/Dataset:name:PAX6-CS16	/uod/idr/filesets/idr0070-kerwin-hdbr/20191021-original/HDBR_PAX6/CS16_ISH/cs16_10278_7_1_pax6.jpg	CS16_ISH/cs16_10278_7_1_pax6.jpg
Project:name:idr0070-kerwin-hdbr/experimentA/Dataset:name:PAX6-CS16	/uod/idr/filesets/idr0070-kerwin-hdbr/20191021-original/HDBR_PAX6/CS16_ISH/cs16_11278_5_2_pax6.jpg	CS16_ISH/cs16_11278_5_2_pax6.jpg
Project:name:idr0070-kerwin-hdbr/experimentA/Dataset:name:PAX6-CS17	/uod/idr/filesets/idr0070-kerwin-hdbr/20191021-original/HDBR_PAX6/CS17_IHC_transverse/pax6_019_4.jpg	CS17_IHC_transverse/pax6_019_4.jpg
Project:name:idr0070-kerwin-hdbr/experimentA/Dataset:name:PAX6-CS17	/uod/idr/filesets/idr0070-kerwin-hdbr/20191021-original/HDBR_PAX6/CS17_IHC_transverse/pax6_027_4.jpg	CS17_IHC_transverse/pax6_027_4.jpg
Project:name:idr0070-kerwin-hdbr/experimentA/Dataset:name:PAX6-CS17	/uod/idr/filesets/idr0070-kerwin-hdbr/20191021-original/HDBR_PAX6/CS17_IHC_transverse/pax6_035_4.jpg	CS17_IHC_transverse/pax6_035_4.jpg
Project:name:idr0070-kerwin-hdbr/experimentA/Dataset:name:PAX6-CS17	/uod/idr/filesets/idr0070-kerwin-hdbr/20191021-original/HDBR_PAX6/CS17_IHC_transverse/pax6_043_4.jpg	CS17_IHC_transverse/pax6_043_4.jpg
Project:name:idr0070-kerwin-hdbr/experimentA/Dataset:name:PAX6-CS17	/uod/idr/filesets/idr0070-kerwin-hdbr/20191021-original/HDBR_PAX6/CS17_IHC_transverse/pax6_051_1.jpg	CS17_IHC_transverse/pax6_051_1.jpg
Project:name:idr0070-kerwin-hdbr/experimentA/Dataset:name:PAX6-CS17	/uod/idr/filesets/idr0070-kerwin-hdbr/20191021-original/HDBR_PAX6/CS17_IHC_transverse/pax6_059_2.jpg	CS17_IHC_transverse/pax6_059_2.jpg
Project:name:idr0070-kerwin-hdbr/experimentA/Dataset:name:PAX6-CS17	/uod/idr/filesets/idr0070-kerwin-hdbr/20191021-original/HDBR_PAX6/CS17_IHC_transverse/Pax6_067_3.jpg	CS17_IHC_transverse/Pax6_067_3.jpg
Project:name:idr0070-kerwin-hdbr/experimentA/Dataset:name:PAX6-CS17	/uod/idr/filesets/idr0070-kerwin-hdbr/20191021-original/HDBR_PAX6/CS17_IHC_transverse/Pax6_083_4.jpg	CS17_IHC_transverse/Pax6_083_4.jpg
Project:name:idr0070-kerwin-hdbr/experimentA/Dataset:name:PAX6-CS17	/uod/idr/filesets/idr0070-kerwin-hdbr/20191021-original/HDBR_PAX6/CS17_IHC_transverse/Pax6_091_4.jpg	CS17_IHC_transverse/Pax6_091_4.jpg
Project:name:idr0070-kerwin-hdbr/experimentA/Dataset:name:PAX6-CS17	/uod/idr/filesets/idr0070-kerwin-hdbr/20191021-original/HDBR_PAX6/CS17_IHC_transverse/Pax6_099_4.jpg	CS17_IHC_transverse/Pax6_099_4.jpg
Project:name:idr0070-kerwin-hdbr/experimentA/Dataset:name:PAX6-CS17	/uod/idr/filesets/idr0070-kerwin-hdbr/20191021-original/HDBR_PAX6/CS17_IHC_transverse/Pax6_107_2.jpg	CS17_IHC_transverse/Pax6_107_2.jpg
Project:name:idr0070-kerwin-hdbr/experimentA/Dataset:name:PAX6-CS17	/uod/idr/filesets/idr0070-kerwin-hdbr/20191021-original/HDBR_PAX6/CS17_IHC_transverse/Pax6_115_2.jpg	CS17_IHC_transverse/Pax6_115_2.jpg
Project:name:idr0070-kerwin-hdbr/experimentA/Dataset:name:PAX6-CS17	/uod/idr/filesets/idr0070-kerwin-hdbr/20191021-original/HDBR_PAX6/CS17_IHC_transverse/Pax6_123_2.jpg	CS17_IHC_transverse/Pax6_123_2.jpg
Project:name:idr0070-kerwin-hdbr/experimentA/Dataset:name:PAX6-CS17	/uod/idr/filesets/idr0070-kerwin-hdbr/20191021-original/HDBR_PAX6/CS17_IHC_transverse/Pax6_123_4.jpg	CS17_IHC_transverse/Pax6_123_4.jpg
Project:name:idr0070-kerwin-hdbr/experimentA/Dataset:name:PAX6-CS17	/uod/idr/filesets/idr0070-kerwin-hdbr/20191021-original/HDBR_PAX6/CS17_IHC_transverse/Pax6_131_3.jpg	CS17_IHC_transverse/Pax6_131_3.jpg
Project:name:idr0070-kerwin-hdbr/experimentA/Dataset:name:PAX6-CS17	/uod/idr/filesets/idr0070-kerwin-hdbr/20191021-original/HDBR_PAX6/CS17_IHC_transverse/Pax6_139_4.jpg	CS17_IHC_transverse/Pax6_139_4.jpg
Project:name:idr0070-kerwin-hdbr/experimentA/Dataset:name:PAX6-CS17	/uod/idr/filesets/idr0070-kerwin-hdbr/20191021-original/HDBR_PAX6/CS17_IHC_transverse/Pax6_147_4.jpg	CS17_IHC_transverse/Pax6_147_4.jpg
Project:name:idr0070-kerwin-hdbr/experimentA/Dataset:name:PAX6-CS17	/uod/idr/filesets/idr0070-kerwin-hdbr/20191021-original/HDBR_PAX6/CS17_IHC_transverse/Pax6_155_4.jpg	CS17_IHC_transverse/Pax6_155_4.jpg
Project:name:idr0070-kerwin-hdbr/experimentA/Dataset:name:PAX6-CS17	/uod/idr/filesets/idr0070-kerwin-hdbr/20191021-original/HDBR_PAX6/CS17_IHC_transverse/Pax6_163_2.jpg	CS17_IHC_transverse/Pax6_163_2.jpg
Project:name:idr0070-kerwin-hdbr/experimentA/Dataset:name:PAX6-CS18	/uod/idr/filesets/idr0070-kerwin-hdbr/20191021-original/HDBR_PAX6/CS17_IHC_transverse/3DView.jpg	CS17_IHC_transverse/3DView.jpg
Project:name:idr0070-kerwin-hdbr/experimentA/Dataset:name:PAX6-CS19	/uod/idr/filesets/idr0070-kerwin-hdbr/20191021-original/HDBR_PAX6/CS17_IHC_transverse/3DView.mpg	CS17_IHC_transverse/3DView.mpg
Project:name:idr0070-kerwin-hdbr/experimentA/Dataset:name:PAX6-CS17	/uod/idr/filesets/idr0070-kerwin-hdbr/20191021-original/HDBR_PAX6/CS17_ISH_35S/A178_046_pax6.jpg	CS17_ISH_35S/A178_046_pax6.jpg
Project:name:idr0070-kerwin-hdbr/experimentA/Dataset:name:PAX6-CS17	/uod/idr/filesets/idr0070-kerwin-hdbr/20191021-original/HDBR_PAX6/CS17_ISH_35S/A178_078_pax6.jpg	CS17_ISH_35S/A178_078_pax6.jpg
Project:name:idr0070-kerwin-hdbr/experimentA/Dataset:name:PAX6-CS17	/uod/idr/filesets/idr0070-kerwin-hdbr/20191021-original/HDBR_PAX6/CS17_ISH_35S/A178_105_pax6.jpg	CS17_ISH_35S/A178_105_pax6.jpg
Project:name:idr0070-kerwin-hdbr/experimentA/Dataset:name:PAX6-CS17	/uod/idr/filesets/idr0070-kerwin-hdbr/20191021-original/HDBR_PAX6/CS17_ISH_35S/A178_120_pax6.jpg	CS17_ISH_35S/A178_120_pax6.jpg
Project:name:idr0070-kerwin-hdbr/experimentA/Dataset:name:PAX6-CS17	/uod/idr/filesets/idr0070-kerwin-hdbr/20191021-original/HDBR_PAX6/CS17_ISH_35S/A178_136_pax6.jpg	CS17_ISH_35S/A178_136_pax6.jpg
Project:name:idr0070-kerwin-hdbr/experimentA/Dataset:name:PAX6-CS18	/uod/idr/filesets/idr0070-kerwin-hdbr/20191021-original/HDBR_PAX6/CS18_IHC_coronal/N1262_029_1_pax6.jpg	CS18_IHC_coronal/N1262_029_1_pax6.jpg
Project:name:idr0070-kerwin-hdbr/experimentA/Dataset:name:PAX6-CS18	/uod/idr/filesets/idr0070-kerwin-hdbr/20191021-original/HDBR_PAX6/CS18_IHC_coronal/N1262_037_1_pax6.jpg	CS18_IHC_coronal/N1262_037_1_pax6.jpg
Project:name:idr0070-kerwin-hdbr/experimentA/Dataset:name:PAX6-CS18	/uod/idr/filesets/idr0070-kerwin-hdbr/20191021-original/HDBR_PAX6/CS18_IHC_coronal/N1262_045_1_pax6.jpg	CS18_IHC_coronal/N1262_045_1_pax6.jpg
Project:name:idr0070-kerwin-hdbr/experimentA/Dataset:name:PAX6-CS18	/uod/idr/filesets/idr0070-kerwin-hdbr/20191021-original/HDBR_PAX6/CS18_IHC_coronal/N1262_053_1_pax6.jpg	CS18_IHC_coronal/N1262_053_1_pax6.jpg
Project:name:idr0070-kerwin-hdbr/experimentA/Dataset:name:PAX6-CS18	/uod/idr/filesets/idr0070-kerwin-hdbr/20191021-original/HDBR_PAX6/CS18_IHC_coronal/N1262_065_1_pax6.jpg	CS18_IHC_coronal/N1262_065_1_pax6.jpg
Project:name:idr0070-kerwin-hdbr/experimentA/Dataset:name:PAX6-CS18	/uod/idr/filesets/idr0070-kerwin-hdbr/20191021-original/HDBR_PAX6/CS18_IHC_coronal/N1262_073_1_pax6.jpg	CS18_IHC_coronal/N1262_073_1_pax6.jpg
Project:name:idr0070-kerwin-hdbr/experimentA/Dataset:name:PAX6-CS18	/uod/idr/filesets/idr0070-kerwin-hdbr/20191021-original/HDBR_PAX6/CS18_IHC_coronal/N1262_081_1_pax6.jpg	CS18_IHC_coronal/N1262_081_1_pax6.jpg
Project:name:idr0070-kerwin-hdbr/experimentA/Dataset:name:PAX6-CS18	/uod/idr/filesets/idr0070-kerwin-hdbr/20191021-original/HDBR_PAX6/CS18_IHC_coronal/N1262_089_1_pax6.jpg	CS18_IHC_coronal/N1262_089_1_pax6.jpg
Project:name:idr0070-kerwin-hdbr/experimentA/Dataset:name:PAX6-CS18	/uod/idr/filesets/idr0070-kerwin-hdbr/20191021-original/HDBR_PAX6/CS18_IHC_coronal/N1262_097_1_pax6.jpg	CS18_IHC_coronal/N1262_097_1_pax6.jpg
Project:name:idr0070-kerwin-hdbr/experimentA/Dataset:name:PAX6-CS18	/uod/idr/filesets/idr0070-kerwin-hdbr/20191021-original/HDBR_PAX6/CS18_IHC_coronal/N1262_105_1_pax6.jpg	CS18_IHC_coronal/N1262_105_1_pax6.jpg
Project:name:idr0070-kerwin-hdbr/experimentA/Dataset:name:PAX6-CS18	/uod/idr/filesets/idr0070-kerwin-hdbr/20191021-original/HDBR_PAX6/CS18_IHC_coronal/N1262_113_1_pax6.jpg	CS18_IHC_coronal/N1262_113_1_pax6.jpg
Project:name:idr0070-kerwin-hdbr/experimentA/Dataset:name:PAX6-CS18	/uod/idr/filesets/idr0070-kerwin-hdbr/20191021-original/HDBR_PAX6/CS18_IHC_coronal/N1262_129_1_pax6.jpg	CS18_IHC_coronal/N1262_129_1_pax6.jpg
Project:name:idr0070-kerwin-hdbr/experimentA/Dataset:name:PAX6-CS18	/uod/idr/filesets/idr0070-kerwin-hdbr/20191021-original/HDBR_PAX6/CS18_IHC_coronal/N1262_137_1_pax6.jpg	CS18_IHC_coronal/N1262_137_1_pax6.jpg
Project:name:idr0070-kerwin-hdbr/experimentA/Dataset:name:PAX6-CS18	/uod/idr/filesets/idr0070-kerwin-hdbr/20191021-original/HDBR_PAX6/CS18_IHC_coronal/N1262_153_1_pax6.jpg	CS18_IHC_coronal/N1262_153_1_pax6.jpg
Project:name:idr0070-kerwin-hdbr/experimentA/Dataset:name:PAX6-CS18	/uod/idr/filesets/idr0070-kerwin-hdbr/20191021-original/HDBR_PAX6/CS18_IHC_coronal/N1262_169_1_pax6.jpg	CS18_IHC_coronal/N1262_169_1_pax6.jpg
Project:name:idr0070-kerwin-hdbr/experimentA/Dataset:name:PAX6-CS18	/uod/idr/filesets/idr0070-kerwin-hdbr/20191021-original/HDBR_PAX6/CS18_IHC_coronal/N1262_177_1_pax6.jpg	CS18_IHC_coronal/N1262_177_1_pax6.jpg
Project:name:idr0070-kerwin-hdbr/experimentA/Dataset:name:PAX6-CS18	/uod/idr/filesets/idr0070-kerwin-hdbr/20191021-original/HDBR_PAX6/CS18_IHC_coronal/N1262_185_1_pax6.jpg	CS18_IHC_coronal/N1262_185_1_pax6.jpg
Project:name:idr0070-kerwin-hdbr/experimentA/Dataset:name:PAX6-CS18	/uod/idr/filesets/idr0070-kerwin-hdbr/20191021-original/HDBR_PAX6/CS18_IHC_coronal/N1262_189_1_pax6.jpg	CS18_IHC_coronal/N1262_189_1_pax6.jpg
Project:name:idr0070-kerwin-hdbr/experimentA/Dataset:name:PAX6-CS18	/uod/idr/filesets/idr0070-kerwin-hdbr/20191021-original/HDBR_PAX6/CS18_IHC_coronal/N1262_197_1_pax6.jpg	CS18_IHC_coronal/N1262_197_1_pax6.jpg
Project:name:idr0070-kerwin-hdbr/experimentA/Dataset:name:PAX6-CS18	/uod/idr/filesets/idr0070-kerwin-hdbr/20191021-original/HDBR_PAX6/CS18_IHC_coronal/N1262_205_1_pax6.jpg	CS18_IHC_coronal/N1262_205_1_pax6.jpg
Project:name:idr0070-kerwin-hdbr/experimentA/Dataset:name:PAX6-CS18	/uod/idr/filesets/idr0070-kerwin-hdbr/20191021-original/HDBR_PAX6/CS18_IHC_coronal/N1262_213_1_pax6.jpg	CS18_IHC_coronal/N1262_213_1_pax6.jpg
Project:name:idr0070-kerwin-hdbr/experimentA/Dataset:name:PAX6-CS18	/uod/idr/filesets/idr0070-kerwin-hdbr/20191021-original/HDBR_PAX6/CS18_IHC_coronal/N1262_221_1_pax6.jpg	CS18_IHC_coronal/N1262_221_1_pax6.jpg
Project:name:idr0070-kerwin-hdbr/experimentA/Dataset:name:PAX6-CS18	/uod/idr/filesets/idr0070-kerwin-hdbr/20191021-original/HDBR_PAX6/CS18_IHC_coronal/N1262_229_1_pax6.jpg	CS18_IHC_coronal/N1262_229_1_pax6.jpg
Project:name:idr0070-kerwin-hdbr/experimentA/Dataset:name:PAX6-CS18	/uod/idr/filesets/idr0070-kerwin-hdbr/20191021-original/HDBR_PAX6/CS18_IHC_coronal/N1262_245_1_pax6.jpg	CS18_IHC_coronal/N1262_245_1_pax6.jpg
Project:name:idr0070-kerwin-hdbr/experimentA/Dataset:name:PAX6-CS18	/uod/idr/filesets/idr0070-kerwin-hdbr/20191021-original/HDBR_PAX6/CS18_IHC_coronal/N1262_261_1_pax6.jpg	CS18_IHC_coronal/N1262_261_1_pax6.jpg
Project:name:idr0070-kerwin-hdbr/experimentA/Dataset:name:PAX6-CS18	/uod/idr/filesets/idr0070-kerwin-hdbr/20191021-original/HDBR_PAX6/CS18_IHC_coronal/N1262_269_1_pax6.jpg	CS18_IHC_coronal/N1262_269_1_pax6.jpg
Project:name:idr0070-kerwin-hdbr/experimentA/Dataset:name:PAX6-CS18	/uod/idr/filesets/idr0070-kerwin-hdbr/20191021-original/HDBR_PAX6/CS18_IHC_coronal/N1262_293_1_pax6.jpg	CS18_IHC_coronal/N1262_293_1_pax6.jpg
Project:name:idr0070-kerwin-hdbr/experimentA/Dataset:name:PAX6-CS18	/uod/idr/filesets/idr0070-kerwin-hdbr/20191021-original/HDBR_PAX6/CS18_IHC_coronal/N1262_305_1_pax6.jpg	CS18_IHC_coronal/N1262_305_1_pax6.jpg
Project:name:idr0070-kerwin-hdbr/experimentA/Dataset:name:PAX6-CS18	/uod/idr/filesets/idr0070-kerwin-hdbr/20191021-original/HDBR_PAX6/CS18_IHC_coronal/N1262_314_1_pax6.jpg	CS18_IHC_coronal/N1262_314_1_pax6.jpg
Project:name:idr0070-kerwin-hdbr/experimentA/Dataset:name:PAX6-CS18	/uod/idr/filesets/idr0070-kerwin-hdbr/20191021-original/HDBR_PAX6/CS18_IHC_coronal/N1262_329_1_pax6.jpg	CS18_IHC_coronal/N1262_329_1_pax6.jpg
Project:name:idr0070-kerwin-hdbr/experimentA/Dataset:name:PAX6-CS18	/uod/idr/filesets/idr0070-kerwin-hdbr/20191021-original/HDBR_PAX6/CS18_IHC_coronal/N1262_337_1_pax6.jpg	CS18_IHC_coronal/N1262_337_1_pax6.jpg
Project:name:idr0070-kerwin-hdbr/experimentA/Dataset:name:PAX6-CS18	/uod/idr/filesets/idr0070-kerwin-hdbr/20191021-original/HDBR_PAX6/CS18_IHC_coronal/N1262_345_1_pax6.jpg	CS18_IHC_coronal/N1262_345_1_pax6.jpg
Project:name:idr0070-kerwin-hdbr/experimentA/Dataset:name:PAX6-CS18	/uod/idr/filesets/idr0070-kerwin-hdbr/20191021-original/HDBR_PAX6/CS18_IHC_coronal/3DView.jpg	CS18_IHC_coronal/3DView.jpg
Project:name:idr0070-kerwin-hdbr/experimentA/Dataset:name:PAX6-CS18	/uod/idr/filesets/idr0070-kerwin-hdbr/20191021-original/HDBR_PAX6/CS18_IHC_coronal/3DView.mpg	CS18_IHC_coronal/3DView.mpg
Project:name:idr0070-kerwin-hdbr/experimentA/Dataset:name:PAX6-CS18	/uod/idr/filesets/idr0070-kerwin-hdbr/20191021-original/HDBR_PAX6/CS18_ISH/cs18_10664_16_3_pax6.jpg	CS18_ISH/cs18_10664_16_3_pax6.jpg
Project:name:idr0070-kerwin-hdbr/experimentA/Dataset:name:PAX6-CS18	/uod/idr/filesets/idr0070-kerwin-hdbr/20191021-original/HDBR_PAX6/CS18_ISH/cs18_10797_54_3_pax6.jpg	CS18_ISH/cs18_10797_54_3_pax6.jpg
Project:name:idr0070-kerwin-hdbr/experimentA/Dataset:name:PAX6-CS18	/uod/idr/filesets/idr0070-kerwin-hdbr/20191021-original/HDBR_PAX6/CS18_ISH/cs18_10798_60_3_pax6.jpg	CS18_ISH/cs18_10798_60_3_pax6.jpg
Project:name:idr0070-kerwin-hdbr/experimentA/Dataset:name:PAX6-CS18	/uod/idr/filesets/idr0070-kerwin-hdbr/20191021-original/HDBR_PAX6/CS18_ISH/cs18_10936_13_1_pax6.jpg	CS18_ISH/cs18_10936_13_1_pax6.jpg
Project:name:idr0070-kerwin-hdbr/experimentA/Dataset:name:PAX6-CS19	/uod/idr/filesets/idr0070-kerwin-hdbr/20191021-original/HDBR_PAX6/CS19_IHC_coronal/N352_055_1_pax6.jpg	CS19_IHC_coronal/N352_055_1_pax6.jpg
Project:name:idr0070-kerwin-hdbr/experimentA/Dataset:name:PAX6-CS19	/uod/idr/filesets/idr0070-kerwin-hdbr/20191021-original/HDBR_PAX6/CS19_IHC_coronal/N352_059_1_pax6.jpg	CS19_IHC_coronal/N352_059_1_pax6.jpg
Project:name:idr0070-kerwin-hdbr/experimentA/Dataset:name:PAX6-CS19	/uod/idr/filesets/idr0070-kerwin-hdbr/20191021-original/HDBR_PAX6/CS19_IHC_coronal/N352_063_1_pax6.jpg	CS19_IHC_coronal/N352_063_1_pax6.jpg
Project:name:idr0070-kerwin-hdbr/experimentA/Dataset:name:PAX6-CS19	/uod/idr/filesets/idr0070-kerwin-hdbr/20191021-original/HDBR_PAX6/CS19_IHC_coronal/N352_076_1_pax6.jpg	CS19_IHC_coronal/N352_076_1_pax6.jpg
Project:name:idr0070-kerwin-hdbr/experimentA/Dataset:name:PAX6-CS19	/uod/idr/filesets/idr0070-kerwin-hdbr/20191021-original/HDBR_PAX6/CS19_IHC_coronal/N352_092_1_pax6.jpg	CS19_IHC_coronal/N352_092_1_pax6.jpg
Project:name:idr0070-kerwin-hdbr/experimentA/Dataset:name:PAX6-CS19	/uod/idr/filesets/idr0070-kerwin-hdbr/20191021-original/HDBR_PAX6/CS19_IHC_coronal/N352_100_1_pax6.jpg	CS19_IHC_coronal/N352_100_1_pax6.jpg
Project:name:idr0070-kerwin-hdbr/experimentA/Dataset:name:PAX6-CS19	/uod/idr/filesets/idr0070-kerwin-hdbr/20191021-original/HDBR_PAX6/CS19_IHC_coronal/N352_108_1_pax6.jpg	CS19_IHC_coronal/N352_108_1_pax6.jpg
Project:name:idr0070-kerwin-hdbr/experimentA/Dataset:name:PAX6-CS19	/uod/idr/filesets/idr0070-kerwin-hdbr/20191021-original/HDBR_PAX6/CS19_IHC_coronal/N352_116_1_pax6.jpg	CS19_IHC_coronal/N352_116_1_pax6.jpg
Project:name:idr0070-kerwin-hdbr/experimentA/Dataset:name:PAX6-CS19	/uod/idr/filesets/idr0070-kerwin-hdbr/20191021-original/HDBR_PAX6/CS19_IHC_coronal/N352_125_1_pax6.jpg	CS19_IHC_coronal/N352_125_1_pax6.jpg
Project:name:idr0070-kerwin-hdbr/experimentA/Dataset:name:PAX6-CS19	/uod/idr/filesets/idr0070-kerwin-hdbr/20191021-original/HDBR_PAX6/CS19_IHC_coronal/N352_132_1_pax6.jpg	CS19_IHC_coronal/N352_132_1_pax6.jpg
Project:name:idr0070-kerwin-hdbr/experimentA/Dataset:name:PAX6-CS19	/uod/idr/filesets/idr0070-kerwin-hdbr/20191021-original/HDBR_PAX6/CS19_IHC_coronal/N352_141_1_pax6.jpg	CS19_IHC_coronal/N352_141_1_pax6.jpg
Project:name:idr0070-kerwin-hdbr/experimentA/Dataset:name:PAX6-CS19	/uod/idr/filesets/idr0070-kerwin-hdbr/20191021-original/HDBR_PAX6/CS19_IHC_coronal/N352_157_1_pax6.jpg	CS19_IHC_coronal/N352_157_1_pax6.jpg
Project:name:idr0070-kerwin-hdbr/experimentA/Dataset:name:PAX6-CS19	/uod/idr/filesets/idr0070-kerwin-hdbr/20191021-original/HDBR_PAX6/CS19_IHC_coronal/N352_165_1_pax6.jpg	CS19_IHC_coronal/N352_165_1_pax6.jpg
Project:name:idr0070-kerwin-hdbr/experimentA/Dataset:name:PAX6-CS19	/uod/idr/filesets/idr0070-kerwin-hdbr/20191021-original/HDBR_PAX6/CS19_IHC_coronal/N352_173_1_pax6.jpg	CS19_IHC_coronal/N352_173_1_pax6.jpg
Project:name:idr0070-kerwin-hdbr/experimentA/Dataset:name:PAX6-CS19	/uod/idr/filesets/idr0070-kerwin-hdbr/20191021-original/HDBR_PAX6/CS19_IHC_coronal/N352_197_1_pax6.jpg	CS19_IHC_coronal/N352_197_1_pax6.jpg
Project:name:idr0070-kerwin-hdbr/experimentA/Dataset:name:PAX6-CS19	/uod/idr/filesets/idr0070-kerwin-hdbr/20191021-original/HDBR_PAX6/CS19_IHC_coronal/N352_205_1_pax6.jpg	CS19_IHC_coronal/N352_205_1_pax6.jpg
Project:name:idr0070-kerwin-hdbr/experimentA/Dataset:name:PAX6-CS19	/uod/idr/filesets/idr0070-kerwin-hdbr/20191021-original/HDBR_PAX6/CS19_IHC_coronal/N352_217_1_pax6.jpg	CS19_IHC_coronal/N352_217_1_pax6.jpg
Project:name:idr0070-kerwin-hdbr/experimentA/Dataset:name:PAX6-CS19	/uod/idr/filesets/idr0070-kerwin-hdbr/20191021-original/HDBR_PAX6/CS19_IHC_coronal/N352_221_1_pax6.jpg	CS19_IHC_coronal/N352_221_1_pax6.jpg
Project:name:idr0070-kerwin-hdbr/experimentA/Dataset:name:PAX6-CS19	/uod/idr/filesets/idr0070-kerwin-hdbr/20191021-original/HDBR_PAX6/CS19_IHC_coronal/N352_237_1_pax6.jpg	CS19_IHC_coronal/N352_237_1_pax6.jpg
Project:name:idr0070-kerwin-hdbr/experimentA/Dataset:name:PAX6-CS19	/uod/idr/filesets/idr0070-kerwin-hdbr/20191021-original/HDBR_PAX6/CS19_IHC_coronal/N352_253_1_pax6.jpg	CS19_IHC_coronal/N352_253_1_pax6.jpg
Project:name:idr0070-kerwin-hdbr/experimentA/Dataset:name:PAX6-CS19	/uod/idr/filesets/idr0070-kerwin-hdbr/20191021-original/HDBR_PAX6/CS19_IHC_coronal/N352_261_1_pax6.jpg	CS19_IHC_coronal/N352_261_1_pax6.jpg
Project:name:idr0070-kerwin-hdbr/experimentA/Dataset:name:PAX6-CS19	/uod/idr/filesets/idr0070-kerwin-hdbr/20191021-original/HDBR_PAX6/CS19_IHC_coronal/N352_270_1_pax6.jpg	CS19_IHC_coronal/N352_270_1_pax6.jpg
Project:name:idr0070-kerwin-hdbr/experimentA/Dataset:name:PAX6-CS19	/uod/idr/filesets/idr0070-kerwin-hdbr/20191021-original/HDBR_PAX6/CS19_IHC_coronal/N352_276_1_pax6.jpg	CS19_IHC_coronal/N352_276_1_pax6.jpg
Project:name:idr0070-kerwin-hdbr/experimentA/Dataset:name:PAX6-CS19	/uod/idr/filesets/idr0070-kerwin-hdbr/20191021-original/HDBR_PAX6/CS19_IHC_coronal/N352_284_1_pax6.jpg	CS19_IHC_coronal/N352_284_1_pax6.jpg
Project:name:idr0070-kerwin-hdbr/experimentA/Dataset:name:PAX6-CS19	/uod/idr/filesets/idr0070-kerwin-hdbr/20191021-original/HDBR_PAX6/CS19_IHC_coronal/N352_293_1_pax6.jpg	CS19_IHC_coronal/N352_293_1_pax6.jpg
Project:name:idr0070-kerwin-hdbr/experimentA/Dataset:name:PAX6-CS19	/uod/idr/filesets/idr0070-kerwin-hdbr/20191021-original/HDBR_PAX6/CS19_IHC_coronal/N352_301_1_pax6.jpg	CS19_IHC_coronal/N352_301_1_pax6.jpg
Project:name:idr0070-kerwin-hdbr/experimentA/Dataset:name:PAX6-CS19	/uod/idr/filesets/idr0070-kerwin-hdbr/20191021-original/HDBR_PAX6/CS19_IHC_coronal/N352_309_1_pax6.jpg	CS19_IHC_coronal/N352_309_1_pax6.jpg
Project:name:idr0070-kerwin-hdbr/experimentA/Dataset:name:PAX6-CS19	/uod/idr/filesets/idr0070-kerwin-hdbr/20191021-original/HDBR_PAX6/CS19_IHC_coronal/N352_319_1_pax6.jpg	CS19_IHC_coronal/N352_319_1_pax6.jpg
Project:name:idr0070-kerwin-hdbr/experimentA/Dataset:name:PAX6-CS19	/uod/idr/filesets/idr0070-kerwin-hdbr/20191021-original/HDBR_PAX6/CS19_IHC_coronal/N352_321_1_pax6.jpg	CS19_IHC_coronal/N352_321_1_pax6.jpg
Project:name:idr0070-kerwin-hdbr/experimentA/Dataset:name:PAX6-CS19	/uod/idr/filesets/idr0070-kerwin-hdbr/20191021-original/HDBR_PAX6/CS19_IHC_coronal/N352_329_1_pax6.jpg	CS19_IHC_coronal/N352_329_1_pax6.jpg
Project:name:idr0070-kerwin-hdbr/experimentA/Dataset:name:PAX6-CS19	/uod/idr/filesets/idr0070-kerwin-hdbr/20191021-original/HDBR_PAX6/CS19_IHC_coronal/N352_399_1_pax6.jpg	CS19_IHC_coronal/N352_399_1_pax6.jpg
Project:name:idr0070-kerwin-hdbr/experimentA/Dataset:name:PAX6-CS19	/uod/idr/filesets/idr0070-kerwin-hdbr/20191021-original/HDBR_PAX6/CS19_IHC_coronal/N352_407_1_pax6.jpg	CS19_IHC_coronal/N352_407_1_pax6.jpg
Project:name:idr0070-kerwin-hdbr/experimentA/Dataset:name:PAX6-CS19	/uod/idr/filesets/idr0070-kerwin-hdbr/20191021-original/HDBR_PAX6/CS19_IHC_coronal/N352_411_1_pax6.jpg	CS19_IHC_coronal/N352_411_1_pax6.jpg
Project:name:idr0070-kerwin-hdbr/experimentA/Dataset:name:PAX6-CS19	/uod/idr/filesets/idr0070-kerwin-hdbr/20191021-original/HDBR_PAX6/CS19_IHC_coronal/N352_423_1_pax6.jpg	CS19_IHC_coronal/N352_423_1_pax6.jpg
Project:name:idr0070-kerwin-hdbr/experimentA/Dataset:name:PAX6-CS19	/uod/idr/filesets/idr0070-kerwin-hdbr/20191021-original/HDBR_PAX6/CS19_IHC_coronal/N352_427_1_pax6.jpg	CS19_IHC_coronal/N352_427_1_pax6.jpg
Project:name:idr0070-kerwin-hdbr/experimentA/Dataset:name:PAX6-CS19	/uod/idr/filesets/idr0070-kerwin-hdbr/20191021-original/HDBR_PAX6/CS19_IHC_coronal/N352_435_1_pax6.jpg	CS19_IHC_coronal/N352_435_1_pax6.jpg
Project:name:idr0070-kerwin-hdbr/experimentA/Dataset:name:PAX6-CS19	/uod/idr/filesets/idr0070-kerwin-hdbr/20191021-original/HDBR_PAX6/CS19_IHC_coronal/N352_439_1_pax6.jpg	CS19_IHC_coronal/N352_439_1_pax6.jpg
Project:name:idr0070-kerwin-hdbr/experimentA/Dataset:name:PAX6-CS19	/uod/idr/filesets/idr0070-kerwin-hdbr/20191021-original/HDBR_PAX6/CS19_IHC_coronal/N352_447_1_pax6.jpg	CS19_IHC_coronal/N352_447_1_pax6.jpg
Project:name:idr0070-kerwin-hdbr/experimentA/Dataset:name:PAX6-CS19	/uod/idr/filesets/idr0070-kerwin-hdbr/20191021-original/HDBR_PAX6/CS19_IHC_coronal/N352_455_1_pax6.jpg	CS19_IHC_coronal/N352_455_1_pax6.jpg
Project:name:idr0070-kerwin-hdbr/experimentA/Dataset:name:PAX6-CS19	/uod/idr/filesets/idr0070-kerwin-hdbr/20191021-original/HDBR_PAX6/CS19_IHC_coronal/N352_463_1_pax6.jpg	CS19_IHC_coronal/N352_463_1_pax6.jpg
Project:name:idr0070-kerwin-hdbr/experimentA/Dataset:name:PAX6-CS19	/uod/idr/filesets/idr0070-kerwin-hdbr/20191021-original/HDBR_PAX6/CS19_IHC_coronal/N352_471_1_pax6.jpg	CS19_IHC_coronal/N352_471_1_pax6.jpg
Project:name:idr0070-kerwin-hdbr/experimentA/Dataset:name:PAX6-CS19	/uod/idr/filesets/idr0070-kerwin-hdbr/20191021-original/HDBR_PAX6/CS19_IHC_coronal/3DView.jpg	CS19_IHC_coronal/3DView.jpg
Project:name:idr0070-kerwin-hdbr/experimentA/Dataset:name:PAX6-CS19	/uod/idr/filesets/idr0070-kerwin-hdbr/20191021-original/HDBR_PAX6/CS19_IHC_coronal/3DView.mpg	CS19_IHC_coronal/3DView.mpg
Project:name:idr0070-kerwin-hdbr/experimentA/Dataset:name:PAX6-CS19	/uod/idr/filesets/idr0070-kerwin-hdbr/20191021-original/HDBR_PAX6/CS19_ISH/cs19_10145_22_1_pax6.jpg	CS19_ISH/cs19_10145_22_1_pax6.jpg
Project:name:idr0070-kerwin-hdbr/experimentA/Dataset:name:PAX6-CS19	/uod/idr/filesets/idr0070-kerwin-hdbr/20191021-original/HDBR_PAX6/CS19_ISH_35S/3DView.jpg	CS19_ISH_35S/3DView.jpg
Project:name:idr0070-kerwin-hdbr/experimentA/Dataset:name:PAX6-CS19	/uod/idr/filesets/idr0070-kerwin-hdbr/20191021-original/HDBR_PAX6/CS19_ISH_35S/3DView.mpg	CS19_ISH_35S/3DView.mpg
Project:name:idr0070-kerwin-hdbr/experimentA/Dataset:name:PAX6-CS19	/uod/idr/filesets/idr0070-kerwin-hdbr/20191021-original/HDBR_PAX6/CS19_ISH_35S/A180_047_1_pax6.jpg	CS19_ISH_35S/A180_047_1_pax6.jpg
Project:name:idr0070-kerwin-hdbr/experimentA/Dataset:name:PAX6-CS19	/uod/idr/filesets/idr0070-kerwin-hdbr/20191021-original/HDBR_PAX6/CS19_ISH_35S/A180_071_1_pax6.jpg	CS19_ISH_35S/A180_071_1_pax6.jpg
Project:name:idr0070-kerwin-hdbr/experimentA/Dataset:name:PAX6-CS19	/uod/idr/filesets/idr0070-kerwin-hdbr/20191021-original/HDBR_PAX6/CS19_ISH_35S/A180_164_1_pax6.jpg	CS19_ISH_35S/A180_164_1_pax6.jpg
Project:name:idr0070-kerwin-hdbr/experimentA/Dataset:name:PAX6-CS19	/uod/idr/filesets/idr0070-kerwin-hdbr/20191021-original/HDBR_PAX6/CS19_ISH_35S/A180_199_1_pax6.jpg	CS19_ISH_35S/A180_199_1_pax6.jpg
Project:name:idr0070-kerwin-hdbr/experimentA/Dataset:name:PAX6-CS19	/uod/idr/filesets/idr0070-kerwin-hdbr/20191021-original/HDBR_PAX6/CS19_ISH_35S/A241_065_1_pax6.jpg	CS19_ISH_35S/A241_065_1_pax6.jpg
Project:name:idr0070-kerwin-hdbr/experimentA/Dataset:name:PAX6-CS19	/uod/idr/filesets/idr0070-kerwin-hdbr/20191021-original/HDBR_PAX6/CS19_ISH_35S/A241_075_2_pax6.jpg	CS19_ISH_35S/A241_075_2_pax6.jpg
Project:name:idr0070-kerwin-hdbr/experimentA/Dataset:name:PAX6-CS19	/uod/idr/filesets/idr0070-kerwin-hdbr/20191021-original/HDBR_PAX6/CS19_ISH_35S/A241_089_3_pax6.jpg	CS19_ISH_35S/A241_089_3_pax6.jpg
Project:name:idr0070-kerwin-hdbr/experimentA/Dataset:name:PAX6-CS19	/uod/idr/filesets/idr0070-kerwin-hdbr/20191021-original/HDBR_PAX6/CS19_ISH_35S/A241_097_1_pax6.jpg	CS19_ISH_35S/A241_097_1_pax6.jpg
Project:name:idr0070-kerwin-hdbr/experimentA/Dataset:name:PAX6-CS19	/uod/idr/filesets/idr0070-kerwin-hdbr/20191021-original/HDBR_PAX6/CS19_ISH_35S/A241_114_1_pax6.jpg	CS19_ISH_35S/A241_114_1_pax6.jpg
Project:name:idr0070-kerwin-hdbr/experimentA/Dataset:name:PAX6-CS19	/uod/idr/filesets/idr0070-kerwin-hdbr/20191021-original/HDBR_PAX6/CS19_ISH_35S/A241_118_1_pax6.jpg	CS19_ISH_35S/A241_118_1_pax6.jpg
Project:name:idr0070-kerwin-hdbr/experimentA/Dataset:name:PAX6-CS19	/uod/idr/filesets/idr0070-kerwin-hdbr/20191021-original/HDBR_PAX6/CS19_ISH_35S/A241_122_1_pax6.jpg	CS19_ISH_35S/A241_122_1_pax6.jpg
Project:name:idr0070-kerwin-hdbr/experimentA/Dataset:name:PAX6-CS19	/uod/idr/filesets/idr0070-kerwin-hdbr/20191021-original/HDBR_PAX6/CS19_ISH_35S/A241_142_1_pax6.jpg	CS19_ISH_35S/A241_142_1_pax6.jpg
Project:name:idr0070-kerwin-hdbr/experimentA/Dataset:name:PAX6-CS19	/uod/idr/filesets/idr0070-kerwin-hdbr/20191021-original/HDBR_PAX6/CS19_ISH_35S/A241_142_3_pax6.jpg	CS19_ISH_35S/A241_142_3_pax6.jpg
Project:name:idr0070-kerwin-hdbr/experimentA/Dataset:name:PAX6-CS19	/uod/idr/filesets/idr0070-kerwin-hdbr/20191021-original/HDBR_PAX6/CS19_ISH_35S/A241_160_1_pax6.jpg	CS19_ISH_35S/A241_160_1_pax6.jpg
Project:name:idr0070-kerwin-hdbr/experimentA/Dataset:name:PAX6-CS19	/uod/idr/filesets/idr0070-kerwin-hdbr/20191021-original/HDBR_PAX6/CS19_ISH_35S/A241_160_3_pax6.jpg	CS19_ISH_35S/A241_160_3_pax6.jpg
Project:name:idr0070-kerwin-hdbr/experimentA/Dataset:name:PAX6-CS19	/uod/idr/filesets/idr0070-kerwin-hdbr/20191021-original/HDBR_PAX6/CS19_ISH_35S/A241_172_2_pax6.jpg	CS19_ISH_35S/A241_172_2_pax6.jpg
Project:name:idr0070-kerwin-hdbr/experimentA/Dataset:name:PAX6-CS19	/uod/idr/filesets/idr0070-kerwin-hdbr/20191021-original/HDBR_PAX6/CS19_ISH_35S/A241_173_3_pax6.jpg	CS19_ISH_35S/A241_173_3_pax6.jpg
Project:name:idr0070-kerwin-hdbr/experimentA/Dataset:name:PAX6-CS19	/uod/idr/filesets/idr0070-kerwin-hdbr/20191021-original/HDBR_PAX6/CS19_ISH_35S/A241_191_3_pax6.jpg	CS19_ISH_35S/A241_191_3_pax6.jpg
Project:name:idr0070-kerwin-hdbr/experimentA/Dataset:name:PAX6-CS19	/uod/idr/filesets/idr0070-kerwin-hdbr/20191021-original/HDBR_PAX6/CS19_ISH_35S/A241_201_1_pax6.jpg	CS19_ISH_35S/A241_201_1_pax6.jpg
Project:name:idr0070-kerwin-hdbr/experimentA/Dataset:name:PAX6-CS19	/uod/idr/filesets/idr0070-kerwin-hdbr/20191021-original/HDBR_PAX6/CS19_ISH_35S/A241_201_3_pax6.jpg	CS19_ISH_35S/A241_201_3_pax6.jpg
Project:name:idr0070-kerwin-hdbr/experimentA/Dataset:name:PAX6-CS19	/uod/idr/filesets/idr0070-kerwin-hdbr/20191021-original/HDBR_PAX6/CS19_ISH_35S/A241_211_3_pax6.jpg	CS19_ISH_35S/A241_211_3_pax6.jpg
Project:name:idr0070-kerwin-hdbr/experimentA/Dataset:name:PAX6-CS19	/uod/idr/filesets/idr0070-kerwin-hdbr/20191021-original/HDBR_PAX6/CS19_ISH_35S/A241_221_3_pax6.jpg	CS19_ISH_35S/A241_221_3_pax6.jpg
Project:name:idr0070-kerwin-hdbr/experimentA/Dataset:name:PAX6-CS20	/uod/idr/filesets/idr0070-kerwin-hdbr/20191021-original/HDBR_PAX6/CS20_IHC/N159_CS20_130_3_pax6.jpg	CS20_IHC/N159_CS20_130_3_pax6.jpg
Project:name:idr0070-kerwin-hdbr/experimentA/Dataset:name:PAX6-CS20	/uod/idr/filesets/idr0070-kerwin-hdbr/20191021-original/HDBR_PAX6/CS20_ISH/cs20_10310_28_3_pax6.jpg	CS20_ISH/cs20_10310_28_3_pax6.jpg
Project:name:idr0070-kerwin-hdbr/experimentA/Dataset:name:PAX6-CS21	/uod/idr/filesets/idr0070-kerwin-hdbr/20191021-original/HDBR_PAX6/CS21_ISH_35S/3DView.jpg	CS21_ISH_35S/3DView.jpg
Project:name:idr0070-kerwin-hdbr/experimentA/Dataset:name:PAX6-CS21	/uod/idr/filesets/idr0070-kerwin-hdbr/20191021-original/HDBR_PAX6/CS21_ISH_35S/3DView.mpg	CS21_ISH_35S/3DView.mpg
Project:name:idr0070-kerwin-hdbr/experimentA/Dataset:name:PAX6-CS21	/uod/idr/filesets/idr0070-kerwin-hdbr/20191021-original/HDBR_PAX6/CS21_ISH_35S/A219_CS21_142_04_PAX6.jpg	CS21_ISH_35S/A219_CS21_142_04_PAX6.jpg
Project:name:idr0070-kerwin-hdbr/experimentA/Dataset:name:PAX6-CS21	/uod/idr/filesets/idr0070-kerwin-hdbr/20191021-original/HDBR_PAX6/CS21_ISH_35S/A219_CS21_181_04_PAX6.jpg	CS21_ISH_35S/A219_CS21_181_04_PAX6.jpg
Project:name:idr0070-kerwin-hdbr/experimentA/Dataset:name:PAX6-CS21	/uod/idr/filesets/idr0070-kerwin-hdbr/20191021-original/HDBR_PAX6/CS21_ISH_35S/A219_CS21_217_03_pax6.jpg	CS21_ISH_35S/A219_CS21_217_03_pax6.jpg
Project:name:idr0070-kerwin-hdbr/experimentA/Dataset:name:PAX6-CS21	/uod/idr/filesets/idr0070-kerwin-hdbr/20191021-original/HDBR_PAX6/CS21_ISH_35S/A219_CS21_234_03_PAX6.jpg	CS21_ISH_35S/A219_CS21_234_03_PAX6.jpg
Project:name:idr0070-kerwin-hdbr/experimentA/Dataset:name:PAX6-CS22	/uod/idr/filesets/idr0070-kerwin-hdbr/20191021-original/HDBR_PAX6/CS22_IHC_coronal/3DView.jpg	CS22_IHC_coronal/3DView.jpg
Project:name:idr0070-kerwin-hdbr/experimentA/Dataset:name:PAX6-CS22	/uod/idr/filesets/idr0070-kerwin-hdbr/20191021-original/HDBR_PAX6/CS22_IHC_coronal/3DView.mpg	CS22_IHC_coronal/3DView.mpg
Project:name:idr0070-kerwin-hdbr/experimentA/Dataset:name:PAX6-CS22	/uod/idr/filesets/idr0070-kerwin-hdbr/20191021-original/HDBR_PAX6/CS22_IHC_coronal/N843_40_3.jpg	CS22_IHC_coronal/N843_40_3.jpg
Project:name:idr0070-kerwin-hdbr/experimentA/Dataset:name:PAX6-CS22	/uod/idr/filesets/idr0070-kerwin-hdbr/20191021-original/HDBR_PAX6/CS22_IHC_coronal/N871_58_1.jpg	CS22_IHC_coronal/N871_58_1.jpg
Project:name:idr0070-kerwin-hdbr/experimentA/Dataset:name:PAX6-CS22	/uod/idr/filesets/idr0070-kerwin-hdbr/20191021-original/HDBR_PAX6/CS22_IHC_coronal/N871_58_3.jpg	CS22_IHC_coronal/N871_58_3.jpg
Project:name:idr0070-kerwin-hdbr/experimentA/Dataset:name:PAX6-CS22	/uod/idr/filesets/idr0070-kerwin-hdbr/20191021-original/HDBR_PAX6/CS22_IHC_coronal/N878_25_2.jpg	CS22_IHC_coronal/N878_25_2.jpg
Project:name:idr0070-kerwin-hdbr/experimentA/Dataset:name:PAX6-CS22	/uod/idr/filesets/idr0070-kerwin-hdbr/20191021-original/HDBR_PAX6/CS22_IHC_coronal/N878_25_3.jpg	CS22_IHC_coronal/N878_25_3.jpg
Project:name:idr0070-kerwin-hdbr/experimentA/Dataset:name:PAX6-CS22	/uod/idr/filesets/idr0070-kerwin-hdbr/20191021-original/HDBR_PAX6/CS22_IHC_transverse_N1261/3DView.jpg	CS22_IHC_transverse_N1261/3DView.jpg
Project:name:idr0070-kerwin-hdbr/experimentA/Dataset:name:PAX6-CS22	/uod/idr/filesets/idr0070-kerwin-hdbr/20191021-original/HDBR_PAX6/CS22_IHC_transverse_N1261/3DView.mpg	CS22_IHC_transverse_N1261/3DView.mpg
Project:name:idr0070-kerwin-hdbr/experimentA/Dataset:name:PAX6-CS22	/uod/idr/filesets/idr0070-kerwin-hdbr/20191021-original/HDBR_PAX6/CS22_IHC_transverse_N1261/N1261_CS22_007_1.jpg	CS22_IHC_transverse_N1261/N1261_CS22_007_1.jpg
Project:name:idr0070-kerwin-hdbr/experimentA/Dataset:name:PAX6-CS22	/uod/idr/filesets/idr0070-kerwin-hdbr/20191021-original/HDBR_PAX6/CS22_IHC_transverse_N1261/N1261_CS22_007_4.jpg	CS22_IHC_transverse_N1261/N1261_CS22_007_4.jpg
Project:name:idr0070-kerwin-hdbr/experimentA/Dataset:name:PAX6-CS22	/uod/idr/filesets/idr0070-kerwin-hdbr/20191021-original/HDBR_PAX6/CS22_IHC_transverse_N1261/N1261_CS22_017_1.jpg	CS22_IHC_transverse_N1261/N1261_CS22_017_1.jpg
Project:name:idr0070-kerwin-hdbr/experimentA/Dataset:name:PAX6-CS22	/uod/idr/filesets/idr0070-kerwin-hdbr/20191021-original/HDBR_PAX6/CS22_IHC_transverse_N1261/N1261_CS22_017_3.jpg	CS22_IHC_transverse_N1261/N1261_CS22_017_3.jpg
Project:name:idr0070-kerwin-hdbr/experimentA/Dataset:name:PAX6-CS22	/uod/idr/filesets/idr0070-kerwin-hdbr/20191021-original/HDBR_PAX6/CS22_IHC_transverse_N1261/N1261_CS22_027_1.jpg	CS22_IHC_transverse_N1261/N1261_CS22_027_1.jpg
Project:name:idr0070-kerwin-hdbr/experimentA/Dataset:name:PAX6-CS22	/uod/idr/filesets/idr0070-kerwin-hdbr/20191021-original/HDBR_PAX6/CS22_IHC_transverse_N1261/N1261_CS22_027_3.jpg	CS22_IHC_transverse_N1261/N1261_CS22_027_3.jpg
Project:name:idr0070-kerwin-hdbr/experimentA/Dataset:name:PAX6-CS22	/uod/idr/filesets/idr0070-kerwin-hdbr/20191021-original/HDBR_PAX6/CS22_IHC_transverse_N1261/N1261_CS22_037_2.jpg	CS22_IHC_transverse_N1261/N1261_CS22_037_2.jpg
Project:name:idr0070-kerwin-hdbr/experimentA/Dataset:name:PAX6-CS22	/uod/idr/filesets/idr0070-kerwin-hdbr/20191021-original/HDBR_PAX6/CS22_IHC_transverse_N1261/N1261_CS22_037_3.jpg	CS22_IHC_transverse_N1261/N1261_CS22_037_3.jpg
Project:name:idr0070-kerwin-hdbr/experimentA/Dataset:name:PAX6-CS22	/uod/idr/filesets/idr0070-kerwin-hdbr/20191021-original/HDBR_PAX6/CS22_IHC_transverse_N1261/N1261_CS22_047_2.jpg	CS22_IHC_transverse_N1261/N1261_CS22_047_2.jpg
Project:name:idr0070-kerwin-hdbr/experimentA/Dataset:name:PAX6-CS22	/uod/idr/filesets/idr0070-kerwin-hdbr/20191021-original/HDBR_PAX6/CS22_IHC_transverse_N1261/N1261_CS22_047_4.jpg	CS22_IHC_transverse_N1261/N1261_CS22_047_4.jpg
Project:name:idr0070-kerwin-hdbr/experimentA/Dataset:name:PAX6-CS22	/uod/idr/filesets/idr0070-kerwin-hdbr/20191021-original/HDBR_PAX6/CS22_IHC_transverse_N1261/N1261_CS22_057_2.jpg	CS22_IHC_transverse_N1261/N1261_CS22_057_2.jpg
Project:name:idr0070-kerwin-hdbr/experimentA/Dataset:name:PAX6-CS22	/uod/idr/filesets/idr0070-kerwin-hdbr/20191021-original/HDBR_PAX6/CS22_IHC_transverse_N1261/N1261_CS22_057_3.jpg	CS22_IHC_transverse_N1261/N1261_CS22_057_3.jpg
Project:name:idr0070-kerwin-hdbr/experimentA/Dataset:name:PAX6-CS22	/uod/idr/filesets/idr0070-kerwin-hdbr/20191021-original/HDBR_PAX6/CS22_IHC_transverse_N1261/N1261_CS22_068_2.jpg	CS22_IHC_transverse_N1261/N1261_CS22_068_2.jpg
Project:name:idr0070-kerwin-hdbr/experimentA/Dataset:name:PAX6-CS22	/uod/idr/filesets/idr0070-kerwin-hdbr/20191021-original/HDBR_PAX6/CS22_IHC_transverse_N1261/N1261_CS22_068_3.jpg	CS22_IHC_transverse_N1261/N1261_CS22_068_3.jpg
Project:name:idr0070-kerwin-hdbr/experimentA/Dataset:name:PAX6-CS22	/uod/idr/filesets/idr0070-kerwin-hdbr/20191021-original/HDBR_PAX6/CS22_IHC_transverse_N1261/N1261_CS22_078_1.jpg	CS22_IHC_transverse_N1261/N1261_CS22_078_1.jpg
Project:name:idr0070-kerwin-hdbr/experimentA/Dataset:name:PAX6-CS22	/uod/idr/filesets/idr0070-kerwin-hdbr/20191021-original/HDBR_PAX6/CS22_IHC_transverse_N1261/N1261_CS22_078_3.jpg	CS22_IHC_transverse_N1261/N1261_CS22_078_3.jpg
Project:name:idr0070-kerwin-hdbr/experimentA/Dataset:name:PAX6-CS22	/uod/idr/filesets/idr0070-kerwin-hdbr/20191021-original/HDBR_PAX6/CS22_IHC_transverse_N1261/N1261_CS22_087_2.jpg	CS22_IHC_transverse_N1261/N1261_CS22_087_2.jpg
Project:name:idr0070-kerwin-hdbr/experimentA/Dataset:name:PAX6-CS22	/uod/idr/filesets/idr0070-kerwin-hdbr/20191021-original/HDBR_PAX6/CS22_IHC_transverse_N1261/N1261_CS22_087_4.jpg	CS22_IHC_transverse_N1261/N1261_CS22_087_4.jpg
Project:name:idr0070-kerwin-hdbr/experimentA/Dataset:name:PAX6-CS22	/uod/idr/filesets/idr0070-kerwin-hdbr/20191021-original/HDBR_PAX6/CS22_IHC_transverse_N1261/N1261_CS22_107_1.jpg	CS22_IHC_transverse_N1261/N1261_CS22_107_1.jpg
Project:name:idr0070-kerwin-hdbr/experimentA/Dataset:name:PAX6-CS22	/uod/idr/filesets/idr0070-kerwin-hdbr/20191021-original/HDBR_PAX6/CS22_IHC_transverse_N1261/N1261_CS22_107_4.jpg	CS22_IHC_transverse_N1261/N1261_CS22_107_4.jpg
Project:name:idr0070-kerwin-hdbr/experimentA/Dataset:name:PAX6-CS22	/uod/idr/filesets/idr0070-kerwin-hdbr/20191021-original/HDBR_PAX6/CS22_IHC_transverse_N243/3DView.jpg	CS22_IHC_transverse_N243/3DView.jpg
Project:name:idr0070-kerwin-hdbr/experimentA/Dataset:name:PAX6-CS22	/uod/idr/filesets/idr0070-kerwin-hdbr/20191021-original/HDBR_PAX6/CS22_IHC_transverse_N243/3DView.mpg	CS22_IHC_transverse_N243/3DView.mpg
Project:name:idr0070-kerwin-hdbr/experimentA/Dataset:name:PAX6-CS22	/uod/idr/filesets/idr0070-kerwin-hdbr/20191021-original/HDBR_PAX6/CS22_IHC_transverse_N243/N243_cs22_038_PAX6.jpg	CS22_IHC_transverse_N243/N243_cs22_038_PAX6.jpg
Project:name:idr0070-kerwin-hdbr/experimentA/Dataset:name:PAX6-CS22	/uod/idr/filesets/idr0070-kerwin-hdbr/20191021-original/HDBR_PAX6/CS22_IHC_transverse_N243/N243_cs22_047_PAX6.jpg	CS22_IHC_transverse_N243/N243_cs22_047_PAX6.jpg
Project:name:idr0070-kerwin-hdbr/experimentA/Dataset:name:PAX6-CS22	/uod/idr/filesets/idr0070-kerwin-hdbr/20191021-original/HDBR_PAX6/CS22_IHC_transverse_N243/N243_cs22_056_PAX6.jpg	CS22_IHC_transverse_N243/N243_cs22_056_PAX6.jpg
Project:name:idr0070-kerwin-hdbr/experimentA/Dataset:name:PAX6-CS22	/uod/idr/filesets/idr0070-kerwin-hdbr/20191021-original/HDBR_PAX6/CS22_IHC_transverse_N243/N243_cs22_065_PAX6.jpg	CS22_IHC_transverse_N243/N243_cs22_065_PAX6.jpg
Project:name:idr0070-kerwin-hdbr/experimentA/Dataset:name:PAX6-CS22	/uod/idr/filesets/idr0070-kerwin-hdbr/20191021-original/HDBR_PAX6/CS22_IHC_transverse_N243/N243_cs22_074_PAX6.jpg	CS22_IHC_transverse_N243/N243_cs22_074_PAX6.jpg
Project:name:idr0070-kerwin-hdbr/experimentA/Dataset:name:PAX6-CS22	/uod/idr/filesets/idr0070-kerwin-hdbr/20191021-original/HDBR_PAX6/CS22_IHC_transverse_N243/N243_cs22_092_PAX6.jpg	CS22_IHC_transverse_N243/N243_cs22_092_PAX6.jpg
Project:name:idr0070-kerwin-hdbr/experimentA/Dataset:name:PAX6-CS22	/uod/idr/filesets/idr0070-kerwin-hdbr/20191021-original/HDBR_PAX6/CS22_IHC_transverse_N243/N243_cs22_101_PAX6.jpg	CS22_IHC_transverse_N243/N243_cs22_101_PAX6.jpg
Project:name:idr0070-kerwin-hdbr/experimentA/Dataset:name:PAX6-CS22	/uod/idr/filesets/idr0070-kerwin-hdbr/20191021-original/HDBR_PAX6/CS22_IHC_transverse_N243/N243_cs22_110_PAX6.jpg	CS22_IHC_transverse_N243/N243_cs22_110_PAX6.jpg
Project:name:idr0070-kerwin-hdbr/experimentA/Dataset:name:PAX6-CS22	/uod/idr/filesets/idr0070-kerwin-hdbr/20191021-original/HDBR_PAX6/CS22_IHC_transverse_N243/N243_cs22_128_PAX6.jpg	CS22_IHC_transverse_N243/N243_cs22_128_PAX6.jpg
Project:name:idr0070-kerwin-hdbr/experimentA/Dataset:name:PAX6-CS22	/uod/idr/filesets/idr0070-kerwin-hdbr/20191021-original/HDBR_PAX6/CS22_IHC_transverse_N243/N243_cs22_146_PAX6.jpg	CS22_IHC_transverse_N243/N243_cs22_146_PAX6.jpg
Project:name:idr0070-kerwin-hdbr/experimentA/Dataset:name:PAX6-CS22	/uod/idr/filesets/idr0070-kerwin-hdbr/20191021-original/HDBR_PAX6/CS22_IHC_transverse_N243/N243_cs22_164_PAX6.jpg	CS22_IHC_transverse_N243/N243_cs22_164_PAX6.jpg
Project:name:idr0070-kerwin-hdbr/experimentA/Dataset:name:PAX6-CS22	/uod/idr/filesets/idr0070-kerwin-hdbr/20191021-original/HDBR_PAX6/CS22_IHC_transverse_N243/N243_cs22_191_PAX6.jpg	CS22_IHC_transverse_N243/N243_cs22_191_PAX6.jpg
Project:name:idr0070-kerwin-hdbr/experimentA/Dataset:name:PAX6-CS22	/uod/idr/filesets/idr0070-kerwin-hdbr/20191021-original/HDBR_PAX6/CS22_IHC_transverse_N243/N243_cs22_227_PAX6.jpg	CS22_IHC_transverse_N243/N243_cs22_227_PAX6.jpg
Project:name:idr0070-kerwin-hdbr/experimentA/Dataset:name:PAX6-CS22	/uod/idr/filesets/idr0070-kerwin-hdbr/20191021-original/HDBR_PAX6/CS22_IHC_transverse_N243/N243_cs22_245_PAX6.jpg	CS22_IHC_transverse_N243/N243_cs22_245_PAX6.jpg
Project:name:idr0070-kerwin-hdbr/experimentA/Dataset:name:PAX6-CS22	/uod/idr/filesets/idr0070-kerwin-hdbr/20191021-original/HDBR_PAX6/CS22_IHC_transverse_N243/N243_cs22_263_PAX6.jpg	CS22_IHC_transverse_N243/N243_cs22_263_PAX6.jpg
Project:name:idr0070-kerwin-hdbr/experimentA/Dataset:name:PAX6-CS22	/uod/idr/filesets/idr0070-kerwin-hdbr/20191021-original/HDBR_PAX6/CS22_IHC_transverse_N243/N243_cs22_289_PAX6.jpg	CS22_IHC_transverse_N243/N243_cs22_289_PAX6.jpg
Project:name:idr0070-kerwin-hdbr/experimentA/Dataset:name:PAX6-CS22	/uod/idr/filesets/idr0070-kerwin-hdbr/20191021-original/HDBR_PAX6/CS22_IHC_transverse_N243/N243_cs22_316_PAX6.jpg	CS22_IHC_transverse_N243/N243_cs22_316_PAX6.jpg
Project:name:idr0070-kerwin-hdbr/experimentA/Dataset:name:PAX6-CS22	/uod/idr/filesets/idr0070-kerwin-hdbr/20191021-original/HDBR_PAX6/CS22_IHC_transverse_N243/N243_cs22_357_PAX6.jpg	CS22_IHC_transverse_N243/N243_cs22_357_PAX6.jpg
Project:name:idr0070-kerwin-hdbr/experimentA/Dataset:name:PAX6-CS22	/uod/idr/filesets/idr0070-kerwin-hdbr/20191021-original/HDBR_PAX6/CS22_IHC_transverse_N243/N243_cs22_373_PAX6.jpg	CS22_IHC_transverse_N243/N243_cs22_373_PAX6.jpg
Project:name:idr0070-kerwin-hdbr/experimentA/Dataset:name:PAX6-CS22	/uod/idr/filesets/idr0070-kerwin-hdbr/20191021-original/HDBR_PAX6/CS22_IHC_transverse_N243/N243_cs22_381_PAX6.jpg	CS22_IHC_transverse_N243/N243_cs22_381_PAX6.jpg
Project:name:idr0070-kerwin-hdbr/experimentA/Dataset:name:PAX6-CS22	/uod/idr/filesets/idr0070-kerwin-hdbr/20191021-original/HDBR_PAX6/CS22_IHC_transverse_N243/N243_cs22_407_PAX6.jpg	CS22_IHC_transverse_N243/N243_cs22_407_PAX6.jpg
Project:name:idr0070-kerwin-hdbr/experimentA/Dataset:name:PAX6-CS22	/uod/idr/filesets/idr0070-kerwin-hdbr/20191021-original/HDBR_PAX6/CS22_IHC_transverse_N243/N243_cs22_443_PAX6.jpg	CS22_IHC_transverse_N243/N243_cs22_443_PAX6.jpg
Project:name:idr0070-kerwin-hdbr/experimentA/Dataset:name:PAX6-CS22	/uod/idr/filesets/idr0070-kerwin-hdbr/20191021-original/HDBR_PAX6/CS22_IHC_transverse_N243/N243_cs22_461_PAX6.jpg	CS22_IHC_transverse_N243/N243_cs22_461_PAX6.jpg
Project:name:idr0070-kerwin-hdbr/experimentA/Dataset:name:PAX6-CS22	/uod/idr/filesets/idr0070-kerwin-hdbr/20191021-original/HDBR_PAX6/CS22_IHC_transverse_N243/N243_cs22_479_PAX6.jpg	CS22_IHC_transverse_N243/N243_cs22_479_PAX6.jpg
Project:name:idr0070-kerwin-hdbr/experimentA/Dataset:name:PAX6-CS22	/uod/idr/filesets/idr0070-kerwin-hdbr/20191021-original/HDBR_PAX6/CS22_IHC_transverse_N243/N243_cs22_488_PAX6.jpg	CS22_IHC_transverse_N243/N243_cs22_488_PAX6.jpg
Project:name:idr0070-kerwin-hdbr/experimentA/Dataset:name:PAX6-CS22	/uod/idr/filesets/idr0070-kerwin-hdbr/20191021-original/HDBR_PAX6/CS22_IHC_transverse_N243/N243_cs22_497_PAX6.jpg	CS22_IHC_transverse_N243/N243_cs22_497_PAX6.jpg
Project:name:idr0070-kerwin-hdbr/experimentA/Dataset:name:PAX6-CS22	/uod/idr/filesets/idr0070-kerwin-hdbr/20191021-original/HDBR_PAX6/CS22_IHC_transverse_N243/N243_cs22_506_PAX6.jpg	CS22_IHC_transverse_N243/N243_cs22_506_PAX6.jpg
Project:name:idr0070-kerwin-hdbr/experimentA/Dataset:name:PAX6-CS22	/uod/idr/filesets/idr0070-kerwin-hdbr/20191021-original/HDBR_PAX6/CS22_IHC_transverse_N243/N243_cs22_515_PAX6.jpg	CS22_IHC_transverse_N243/N243_cs22_515_PAX6.jpg
Project:name:idr0070-kerwin-hdbr/experimentA/Dataset:name:PAX6-CS22	/uod/idr/filesets/idr0070-kerwin-hdbr/20191021-original/HDBR_PAX6/CS22_IHC_transverse_N243/N243_cs22_524_PAX6.jpg	CS22_IHC_transverse_N243/N243_cs22_524_PAX6.jpg
Project:name:idr0070-kerwin-hdbr/experimentA/Dataset:name:PAX6-CS22	/uod/idr/filesets/idr0070-kerwin-hdbr/20191021-original/HDBR_PAX6/CS22_IHC_transverse_N243/N243_cs22_542_PAX6.jpg	CS22_IHC_transverse_N243/N243_cs22_542_PAX6.jpg
Project:name:idr0070-kerwin-hdbr/experimentA/Dataset:name:PAX6-CS22	/uod/idr/filesets/idr0070-kerwin-hdbr/20191021-original/HDBR_PAX6/CS22_IHC_transverse_N243/N243_cs22_551_PAX6.jpg	CS22_IHC_transverse_N243/N243_cs22_551_PAX6.jpg
Project:name:idr0070-kerwin-hdbr/experimentA/Dataset:name:PAX6-CS22	/uod/idr/filesets/idr0070-kerwin-hdbr/20191021-original/HDBR_PAX6/CS22_IHC_transverse_N243/N243_cs22_560_PAX6.jpg	CS22_IHC_transverse_N243/N243_cs22_560_PAX6.jpg
Project:name:idr0070-kerwin-hdbr/experimentA/Dataset:name:PAX6-CS22	/uod/idr/filesets/idr0070-kerwin-hdbr/20191021-original/HDBR_PAX6/CS22_IHC_transverse_N243/N243_cs22_569_PAX6.jpg	CS22_IHC_transverse_N243/N243_cs22_569_PAX6.jpg
Project:name:idr0070-kerwin-hdbr/experimentA/Dataset:name:PAX6-CS22	/uod/idr/filesets/idr0070-kerwin-hdbr/20191021-original/HDBR_PAX6/CS22_IHC_transverse_N243/N243_cs22_578_PAX6.jpg	CS22_IHC_transverse_N243/N243_cs22_578_PAX6.jpg
Project:name:idr0070-kerwin-hdbr/experimentA/Dataset:name:PAX6-CS22	/uod/idr/filesets/idr0070-kerwin-hdbr/20191021-original/HDBR_PAX6/CS22_IHC_transverse_N243/N243_cs22_589_PAX6.jpg	CS22_IHC_transverse_N243/N243_cs22_589_PAX6.jpg
Project:name:idr0070-kerwin-hdbr/experimentA/Dataset:name:PAX6-CS22	/uod/idr/filesets/idr0070-kerwin-hdbr/20191021-original/HDBR_PAX6/CS22_IHC_transverse_N243/N243_cs22_597_PAX6.jpg	CS22_IHC_transverse_N243/N243_cs22_597_PAX6.jpg
Project:name:idr0070-kerwin-hdbr/experimentA/Dataset:name:PAX6-CS22	/uod/idr/filesets/idr0070-kerwin-hdbr/20191021-original/HDBR_PAX6/CS22_IHC_transverse_N243/N243_cs22_603_PAX6.jpg	CS22_IHC_transverse_N243/N243_cs22_603_PAX6.jpg
Project:name:idr0070-kerwin-hdbr/experimentA/Dataset:name:PAX6-CS22	/uod/idr/filesets/idr0070-kerwin-hdbr/20191021-original/HDBR_PAX6/CS22_IHC_transverse_N243/N243_cs22_612_PAX6.jpg	CS22_IHC_transverse_N243/N243_cs22_612_PAX6.jpg
Project:name:idr0070-kerwin-hdbr/experimentA/Dataset:name:PAX6-CS22	/uod/idr/filesets/idr0070-kerwin-hdbr/20191021-original/HDBR_PAX6/CS22_IHC_transverse_N243/N243_cs22_621_PAX6.jpg	CS22_IHC_transverse_N243/N243_cs22_621_PAX6.jpg
Project:name:idr0070-kerwin-hdbr/experimentA/Dataset:name:PAX6-CS22	/uod/idr/filesets/idr0070-kerwin-hdbr/20191021-original/HDBR_PAX6/CS22_IHC_transverse_N243/N243_cs22_630_PAX6.jpg	CS22_IHC_transverse_N243/N243_cs22_630_PAX6.jpg
Project:name:idr0070-kerwin-hdbr/experimentA/Dataset:name:PAX6-CS22	/uod/idr/filesets/idr0070-kerwin-hdbr/20191021-original/HDBR_PAX6/CS22_IHC_transverse_N243/N243_cs22_648_PAX6.jpg	CS22_IHC_transverse_N243/N243_cs22_648_PAX6.jpg
Project:name:idr0070-kerwin-hdbr/experimentA/Dataset:name:PAX6-CS22	/uod/idr/filesets/idr0070-kerwin-hdbr/20191021-original/HDBR_PAX6/CS22_IHC_transverse_N243/N243_cs22_684_PAX6.jpg	CS22_IHC_transverse_N243/N243_cs22_684_PAX6.jpg
Project:name:idr0070-kerwin-hdbr/experimentA/Dataset:name:PAX6-CS22	/uod/idr/filesets/idr0070-kerwin-hdbr/20191021-original/HDBR_PAX6/CS22_IHC_transverse_N243/N243_cs22_702_PAX6.jpg	CS22_IHC_transverse_N243/N243_cs22_702_PAX6.jpg
Project:name:idr0070-kerwin-hdbr/experimentA/Dataset:name:PAX6-CS22	/uod/idr/filesets/idr0070-kerwin-hdbr/20191021-original/HDBR_PAX6/CS22_IHC_transverse_N243/N243_cs22_738_PAX6.jpg	CS22_IHC_transverse_N243/N243_cs22_738_PAX6.jpg
Project:name:idr0070-kerwin-hdbr/experimentA/Dataset:name:PAX6-CS22	/uod/idr/filesets/idr0070-kerwin-hdbr/20191021-original/HDBR_PAX6/CS22_IHC_transverse_N243/N243_cs22_747_PAX6.jpg	CS22_IHC_transverse_N243/N243_cs22_747_PAX6.jpg
Project:name:idr0070-kerwin-hdbr/experimentA/Dataset:name:PAX6-CS22	/uod/idr/filesets/idr0070-kerwin-hdbr/20191021-original/HDBR_PAX6/CS22_IHC_transverse_N243/N243_cs22_792_PAX6.jpg	CS22_IHC_transverse_N243/N243_cs22_792_PAX6.jpg
Project:name:idr0070-kerwin-hdbr/experimentA/Dataset:name:PAX6-CS22	/uod/idr/filesets/idr0070-kerwin-hdbr/20191021-original/HDBR_PAX6/CS22_IHC_transverse_N243/N243_cs22_801_PAX6.jpg	CS22_IHC_transverse_N243/N243_cs22_801_PAX6.jpg
Project:name:idr0070-kerwin-hdbr/experimentA/Dataset:name:PAX6-CS22	/uod/idr/filesets/idr0070-kerwin-hdbr/20191021-original/HDBR_PAX6/CS22_IHC_transverse_N243/N243_cs22_810_PAX6.jpg	CS22_IHC_transverse_N243/N243_cs22_810_PAX6.jpg
Project:name:idr0070-kerwin-hdbr/experimentA/Dataset:name:PAX6-CS22	/uod/idr/filesets/idr0070-kerwin-hdbr/20191021-original/HDBR_PAX6/CS22_IHC_transverse_N243/N243_cs22_819_PAX6.jpg	CS22_IHC_transverse_N243/N243_cs22_819_PAX6.jpg
Project:name:idr0070-kerwin-hdbr/experimentA/Dataset:name:PAX6-CS22	/uod/idr/filesets/idr0070-kerwin-hdbr/20191021-original/HDBR_PAX6/CS22_IHC_transverse_N243/N243_cs22_828_PAX6.jpg	CS22_IHC_transverse_N243/N243_cs22_828_PAX6.jpg
Project:name:idr0070-kerwin-hdbr/experimentA/Dataset:name:PAX6-CS22	/uod/idr/filesets/idr0070-kerwin-hdbr/20191021-original/HDBR_PAX6/CS22_IHC_transverse_N243/N243_cs22_837_PAX6.jpg	CS22_IHC_transverse_N243/N243_cs22_837_PAX6.jpg
Project:name:idr0070-kerwin-hdbr/experimentA/Dataset:name:PAX6-CS22	/uod/idr/filesets/idr0070-kerwin-hdbr/20191021-original/HDBR_PAX6/CS22_IHC_transverse_N701/3DView.jpg	CS22_IHC_transverse_N701/3DView.jpg
Project:name:idr0070-kerwin-hdbr/experimentA/Dataset:name:PAX6-CS22	/uod/idr/filesets/idr0070-kerwin-hdbr/20191021-original/HDBR_PAX6/CS22_IHC_transverse_N701/3DView.mpg	CS22_IHC_transverse_N701/3DView.mpg
Project:name:idr0070-kerwin-hdbr/experimentA/Dataset:name:PAX6-CS22	/uod/idr/filesets/idr0070-kerwin-hdbr/20191021-original/HDBR_PAX6/CS22_IHC_transverse_N701/N701_238_2_pax6.jpg	CS22_IHC_transverse_N701/N701_238_2_pax6.jpg
Project:name:idr0070-kerwin-hdbr/experimentA/Dataset:name:PAX6-CS22	/uod/idr/filesets/idr0070-kerwin-hdbr/20191021-original/HDBR_PAX6/CS22_IHC_transverse_N701/N701_238_3_pax6.jpg	CS22_IHC_transverse_N701/N701_238_3_pax6.jpg
Project:name:idr0070-kerwin-hdbr/experimentA/Dataset:name:PAX6-CS22	/uod/idr/filesets/idr0070-kerwin-hdbr/20191021-original/HDBR_PAX6/CS22_ISH/cs22_10374_4_pax6.jpg	CS22_ISH/cs22_10374_4_pax6.jpg
Project:name:idr0070-kerwin-hdbr/experimentA/Dataset:name:PAX6-CS23	/uod/idr/filesets/idr0070-kerwin-hdbr/20191021-original/HDBR_PAX6/CS23_IHC_sagittal_11613/cs23_11613_024_pax6.jpg	CS23_IHC_sagittal_11613/cs23_11613_024_pax6.jpg
Project:name:idr0070-kerwin-hdbr/experimentA/Dataset:name:PAX6-CS23	/uod/idr/filesets/idr0070-kerwin-hdbr/20191021-original/HDBR_PAX6/CS23_IHC_sagittal_11613/cs23_11613_051_pax6.jpg	CS23_IHC_sagittal_11613/cs23_11613_051_pax6.jpg
Project:name:idr0070-kerwin-hdbr/experimentA/Dataset:name:PAX6-CS23	/uod/idr/filesets/idr0070-kerwin-hdbr/20191021-original/HDBR_PAX6/CS23_IHC_sagittal_11613/cs23_11613_099_pax6.jpg	CS23_IHC_sagittal_11613/cs23_11613_099_pax6.jpg
Project:name:idr0070-kerwin-hdbr/experimentA/Dataset:name:PAX6-CS23	/uod/idr/filesets/idr0070-kerwin-hdbr/20191021-original/HDBR_PAX6/CS23_IHC_sagittal_11613/cs23_11613_126_pax6.jpg	CS23_IHC_sagittal_11613/cs23_11613_126_pax6.jpg
Project:name:idr0070-kerwin-hdbr/experimentA/Dataset:name:PAX6-CS23	/uod/idr/filesets/idr0070-kerwin-hdbr/20191021-original/HDBR_PAX6/CS23_IHC_sagittal_11613/cs23_11613_150_pax6.jpg	CS23_IHC_sagittal_11613/cs23_11613_150_pax6.jpg
Project:name:idr0070-kerwin-hdbr/experimentA/Dataset:name:PAX6-CS23	/uod/idr/filesets/idr0070-kerwin-hdbr/20191021-original/HDBR_PAX6/CS23_IHC_sagittal_11613/cs23_11613_174_pax6.jpg	CS23_IHC_sagittal_11613/cs23_11613_174_pax6.jpg
Project:name:idr0070-kerwin-hdbr/experimentA/Dataset:name:PAX6-CS23	/uod/idr/filesets/idr0070-kerwin-hdbr/20191021-original/HDBR_PAX6/CS23_IHC_sagittal_11613/cs23_11613_198_pax6.jpg	CS23_IHC_sagittal_11613/cs23_11613_198_pax6.jpg
Project:name:idr0070-kerwin-hdbr/experimentA/Dataset:name:PAX6-CS23	/uod/idr/filesets/idr0070-kerwin-hdbr/20191021-original/HDBR_PAX6/CS23_IHC_sagittal_11613/cs23_11613_227_pax6.jpg	CS23_IHC_sagittal_11613/cs23_11613_227_pax6.jpg
Project:name:idr0070-kerwin-hdbr/experimentA/Dataset:name:PAX6-CS23	/uod/idr/filesets/idr0070-kerwin-hdbr/20191021-original/HDBR_PAX6/CS23_IHC_sagittal_11613/cs23_11613_250_pax6.jpg	CS23_IHC_sagittal_11613/cs23_11613_250_pax6.jpg
Project:name:idr0070-kerwin-hdbr/experimentA/Dataset:name:PAX6-CS23	/uod/idr/filesets/idr0070-kerwin-hdbr/20191021-original/HDBR_PAX6/CS23_IHC_sagittal_11613/cs23_11613_274_pax6.jpg	CS23_IHC_sagittal_11613/cs23_11613_274_pax6.jpg
Project:name:idr0070-kerwin-hdbr/experimentA/Dataset:name:PAX6-CS23	/uod/idr/filesets/idr0070-kerwin-hdbr/20191021-original/HDBR_PAX6/CS23_IHC_sagittal_11613/cs23_11613_302_pax6.jpg	CS23_IHC_sagittal_11613/cs23_11613_302_pax6.jpg
Project:name:idr0070-kerwin-hdbr/experimentA/Dataset:name:PAX6-CS23	/uod/idr/filesets/idr0070-kerwin-hdbr/20191021-original/HDBR_PAX6/CS23_IHC_sagittal_11613/cs23_11613_320_pax6.jpg	CS23_IHC_sagittal_11613/cs23_11613_320_pax6.jpg
Project:name:idr0070-kerwin-hdbr/experimentA/Dataset:name:PAX6-CS23	/uod/idr/filesets/idr0070-kerwin-hdbr/20191021-original/HDBR_PAX6/CS23_IHC_sagittal_11613/cs23_11613_353_pax6.jpg	CS23_IHC_sagittal_11613/cs23_11613_353_pax6.jpg
Project:name:idr0070-kerwin-hdbr/experimentA/Dataset:name:PAX6-CS23	/uod/idr/filesets/idr0070-kerwin-hdbr/20191021-original/HDBR_PAX6/CS23_IHC_sagittal_11613/cs23_11613_377_pax6.jpg	CS23_IHC_sagittal_11613/cs23_11613_377_pax6.jpg
Project:name:idr0070-kerwin-hdbr/experimentA/Dataset:name:PAX6-CS23	/uod/idr/filesets/idr0070-kerwin-hdbr/20191021-original/HDBR_PAX6/CS23_IHC_sagittal_11613/cs23_11613_399_pax6.jpg	CS23_IHC_sagittal_11613/cs23_11613_399_pax6.jpg
Project:name:idr0070-kerwin-hdbr/experimentA/Dataset:name:PAX6-CS23	/uod/idr/filesets/idr0070-kerwin-hdbr/20191021-original/HDBR_PAX6/CS23_IHC_sagittal_11613/cs23_11613_428_pax6.jpg	CS23_IHC_sagittal_11613/cs23_11613_428_pax6.jpg
Project:name:idr0070-kerwin-hdbr/experimentA/Dataset:name:PAX6-CS23	/uod/idr/filesets/idr0070-kerwin-hdbr/20191021-original/HDBR_PAX6/CS23_IHC_sagittal_11613/cs23_11613_453_pax6.jpg	CS23_IHC_sagittal_11613/cs23_11613_453_pax6.jpg
Project:name:idr0070-kerwin-hdbr/experimentA/Dataset:name:PAX6-CS23	/uod/idr/filesets/idr0070-kerwin-hdbr/20191021-original/HDBR_PAX6/CS23_IHC_sagittal_11613/cs23_11613_502_pax6.jpg	CS23_IHC_sagittal_11613/cs23_11613_502_pax6.jpg
Project:name:idr0070-kerwin-hdbr/experimentA/Dataset:name:PAX6-CS23	/uod/idr/filesets/idr0070-kerwin-hdbr/20191021-original/HDBR_PAX6/CS23_IHC_sagittal_11613/cs23_11613_523_pax6.jpg	CS23_IHC_sagittal_11613/cs23_11613_523_pax6.jpg
Project:name:idr0070-kerwin-hdbr/experimentA/Dataset:name:PAX6-CS23	/uod/idr/filesets/idr0070-kerwin-hdbr/20191021-original/HDBR_PAX6/CS23_IHC_sagittal_11613/cs23_11613_549_pax6.jpg	CS23_IHC_sagittal_11613/cs23_11613_549_pax6.jpg
Project:name:idr0070-kerwin-hdbr/experimentA/Dataset:name:PAX6-CS23	/uod/idr/filesets/idr0070-kerwin-hdbr/20191021-original/HDBR_PAX6/CS23_IHC_sagittal_11613/cs23_11613_573_pax6.jpg	CS23_IHC_sagittal_11613/cs23_11613_573_pax6.jpg
Project:name:idr0070-kerwin-hdbr/experimentA/Dataset:name:PAX6-CS23	/uod/idr/filesets/idr0070-kerwin-hdbr/20191021-original/HDBR_PAX6/CS23_IHC_sagittal_11613/cs23_11613_595_pax6.jpg	CS23_IHC_sagittal_11613/cs23_11613_595_pax6.jpg
Project:name:idr0070-kerwin-hdbr/experimentA/Dataset:name:PAX6-CS23	/uod/idr/filesets/idr0070-kerwin-hdbr/20191021-original/HDBR_PAX6/CS23_IHC_sagittal_N754/3DView.jpg	CS23_IHC_sagittal_N754/3DView.jpg
Project:name:idr0070-kerwin-hdbr/experimentA/Dataset:name:PAX6-CS23	/uod/idr/filesets/idr0070-kerwin-hdbr/20191021-original/HDBR_PAX6/CS23_IHC_sagittal_N754/3DView.mpg	CS23_IHC_sagittal_N754/3DView.mpg
Project:name:idr0070-kerwin-hdbr/experimentA/Dataset:name:PAX6-CS23	/uod/idr/filesets/idr0070-kerwin-hdbr/20191021-original/HDBR_PAX6/CS23_IHC_sagittal_N754/N754_011_1_pax6.jpg	CS23_IHC_sagittal_N754/N754_011_1_pax6.jpg
Project:name:idr0070-kerwin-hdbr/experimentA/Dataset:name:PAX6-CS23	/uod/idr/filesets/idr0070-kerwin-hdbr/20191021-original/HDBR_PAX6/CS23_IHC_sagittal_N754/N754_021_3_pax6.jpg	CS23_IHC_sagittal_N754/N754_021_3_pax6.jpg
Project:name:idr0070-kerwin-hdbr/experimentA/Dataset:name:PAX6-CS23	/uod/idr/filesets/idr0070-kerwin-hdbr/20191021-original/HDBR_PAX6/CS23_IHC_sagittal_N754/N754_031_3_pax6.jpg	CS23_IHC_sagittal_N754/N754_031_3_pax6.jpg
Project:name:idr0070-kerwin-hdbr/experimentA/Dataset:name:PAX6-CS23	/uod/idr/filesets/idr0070-kerwin-hdbr/20191021-original/HDBR_PAX6/CS23_IHC_sagittal_N754/N754_040_2_pax6.jpg	CS23_IHC_sagittal_N754/N754_040_2_pax6.jpg
Project:name:idr0070-kerwin-hdbr/experimentA/Dataset:name:PAX6-CS23	/uod/idr/filesets/idr0070-kerwin-hdbr/20191021-original/HDBR_PAX6/CS23_IHC_sagittal_N754/N754_051_1_pax6.jpg	CS23_IHC_sagittal_N754/N754_051_1_pax6.jpg
Project:name:idr0070-kerwin-hdbr/experimentA/Dataset:name:PAX6-CS23	/uod/idr/filesets/idr0070-kerwin-hdbr/20191021-original/HDBR_PAX6/CS23_IHC_sagittal_N754/N754_061_1_pax6.jpg	CS23_IHC_sagittal_N754/N754_061_1_pax6.jpg
Project:name:idr0070-kerwin-hdbr/experimentA/Dataset:name:PAX6-CS23	/uod/idr/filesets/idr0070-kerwin-hdbr/20191021-original/HDBR_PAX6/CS23_IHC_sagittal_N754/N754_071_1_pax6.jpg	CS23_IHC_sagittal_N754/N754_071_1_pax6.jpg
Project:name:idr0070-kerwin-hdbr/experimentA/Dataset:name:PAX6-CS23	/uod/idr/filesets/idr0070-kerwin-hdbr/20191021-original/HDBR_PAX6/CS23_IHC_sagittal_N754/N754_081_1_pax6.jpg	CS23_IHC_sagittal_N754/N754_081_1_pax6.jpg
Project:name:idr0070-kerwin-hdbr/experimentA/Dataset:name:PAX6-CS23	/uod/idr/filesets/idr0070-kerwin-hdbr/20191021-original/HDBR_PAX6/CS23_IHC_sagittal_N754/N754_091_2_pax6.jpg	CS23_IHC_sagittal_N754/N754_091_2_pax6.jpg
Project:name:idr0070-kerwin-hdbr/experimentA/Dataset:name:PAX6-CS23	/uod/idr/filesets/idr0070-kerwin-hdbr/20191021-original/HDBR_PAX6/CS23_IHC_sagittal_N754/N754_101_2_pax6.jpg	CS23_IHC_sagittal_N754/N754_101_2_pax6.jpg
Project:name:idr0070-kerwin-hdbr/experimentA/Dataset:name:PAX6-CS23	/uod/idr/filesets/idr0070-kerwin-hdbr/20191021-original/HDBR_PAX6/CS23_IHC_sagittal_N754/N754_111_3_pax6.jpg	CS23_IHC_sagittal_N754/N754_111_3_pax6.jpg
Project:name:idr0070-kerwin-hdbr/experimentA/Dataset:name:PAX6-CS23	/uod/idr/filesets/idr0070-kerwin-hdbr/20191021-original/HDBR_PAX6/CS23_IHC_sagittal_N754/N754_121_2_pax6.jpg	CS23_IHC_sagittal_N754/N754_121_2_pax6.jpg
Project:name:idr0070-kerwin-hdbr/experimentA/Dataset:name:PAX6-CS23	/uod/idr/filesets/idr0070-kerwin-hdbr/20191021-original/HDBR_PAX6/CS23_IHC_sagittal_N754/N754_141_3_pax6.jpg	CS23_IHC_sagittal_N754/N754_141_3_pax6.jpg
Project:name:idr0070-kerwin-hdbr/experimentA/Dataset:name:PAX6-CS23	/uod/idr/filesets/idr0070-kerwin-hdbr/20191021-original/HDBR_PAX6/CS23_IHC_sagittal_N754/N754_151_1_pax6.jpg	CS23_IHC_sagittal_N754/N754_151_1_pax6.jpg
Project:name:idr0070-kerwin-hdbr/experimentA/Dataset:name:PAX6-CS23	/uod/idr/filesets/idr0070-kerwin-hdbr/20191021-original/HDBR_PAX6/CS23_IHC_sagittal_N754/N754_161_3_pax6.jpg	CS23_IHC_sagittal_N754/N754_161_3_pax6.jpg
Project:name:idr0070-kerwin-hdbr/experimentA/Dataset:name:PAX6-CS23	/uod/idr/filesets/idr0070-kerwin-hdbr/20191021-original/HDBR_PAX6/CS23_IHC_sagittal_N754/N754_171_3_pax6.jpg	CS23_IHC_sagittal_N754/N754_171_3_pax6.jpg
Project:name:idr0070-kerwin-hdbr/experimentA/Dataset:name:PAX6-CS23	/uod/idr/filesets/idr0070-kerwin-hdbr/20191021-original/HDBR_PAX6/CS23_IHC_sagittal_N754/N754_181_2_pax6.jpg	CS23_IHC_sagittal_N754/N754_181_2_pax6.jpg
Project:name:idr0070-kerwin-hdbr/experimentA/Dataset:name:PAX6-CS23	/uod/idr/filesets/idr0070-kerwin-hdbr/20191021-original/HDBR_PAX6/CS23_ISH/cs23_10226_86_4_pax6.jpg	CS23_ISH/cs23_10226_86_4_pax6.jpg
Project:name:idr0070-kerwin-hdbr/experimentA/Dataset:name:PAX6-CS23	/uod/idr/filesets/idr0070-kerwin-hdbr/20191021-original/HDBR_PAX6/CS23_ISH/cs23_10954_28_2_pax6.jpg	CS23_ISH/cs23_10954_28_2_pax6.jpg
Project:name:idr0070-kerwin-hdbr/experimentA/Dataset:name:PAX6-CS23	/uod/idr/filesets/idr0070-kerwin-hdbr/20191021-original/HDBR_PAX6/CS23_ISH/cs23_11057_25_2_pax6.jpg	CS23_ISH/cs23_11057_25_2_pax6.jpg
Project:name:idr0070-kerwin-hdbr/experimentA/Dataset:name:PAX6-CS23	/uod/idr/filesets/idr0070-kerwin-hdbr/20191021-original/HDBR_PAX6/CS23_ISH/cs23_11057_26_2_pax6.jpg	CS23_ISH/cs23_11057_26_2_pax6.jpg
Project:name:idr0070-kerwin-hdbr/experimentA/Dataset:name:PAX6-8PCW	/uod/idr/filesets/idr0070-kerwin-hdbr/20191021-original/HDBR_PAX6/8PCW_IHC_coronal/1975_L8pcw_087_4_PAX6.jpg	8PCW_IHC_coronal/1975_L8pcw_087_4_PAX6.jpg
Project:name:idr0070-kerwin-hdbr/experimentA/Dataset:name:PAX6-8PCW	/uod/idr/filesets/idr0070-kerwin-hdbr/20191021-original/HDBR_PAX6/8PCW_IHC_coronal/1975_L8pcw_100_3_PAX6.jpg	8PCW_IHC_coronal/1975_L8pcw_100_3_PAX6.jpg
Project:name:idr0070-kerwin-hdbr/experimentA/Dataset:name:PAX6-8PCW	/uod/idr/filesets/idr0070-kerwin-hdbr/20191021-original/HDBR_PAX6/8PCW_IHC_coronal/1975_L8pcw_122_1_PAX6.jpg	8PCW_IHC_coronal/1975_L8pcw_122_1_PAX6.jpg
Project:name:idr0070-kerwin-hdbr/experimentA/Dataset:name:PAX6-8PCW	/uod/idr/filesets/idr0070-kerwin-hdbr/20191021-original/HDBR_PAX6/8PCW_IHC_transverse_11557/11557_L8pcw_030_2_PAX6.jpg	8PCW_IHC_transverse_11557/11557_L8pcw_030_2_PAX6.jpg
Project:name:idr0070-kerwin-hdbr/experimentA/Dataset:name:PAX6-8PCW	/uod/idr/filesets/idr0070-kerwin-hdbr/20191021-original/HDBR_PAX6/8PCW_IHC_transverse_11557/11557_L8pcw_038_3_PAX6.jpg	8PCW_IHC_transverse_11557/11557_L8pcw_038_3_PAX6.jpg
Project:name:idr0070-kerwin-hdbr/experimentA/Dataset:name:PAX6-8PCW	/uod/idr/filesets/idr0070-kerwin-hdbr/20191021-original/HDBR_PAX6/8PCW_IHC_transverse_11557/11557_L8pcw_050_3_PAX6.jpg	8PCW_IHC_transverse_11557/11557_L8pcw_050_3_PAX6.jpg
Project:name:idr0070-kerwin-hdbr/experimentA/Dataset:name:PAX6-8PCW	/uod/idr/filesets/idr0070-kerwin-hdbr/20191021-original/HDBR_PAX6/8PCW_IHC_transverse_11557/11557_L8pcw_051_2_PAX6.jpg	8PCW_IHC_transverse_11557/11557_L8pcw_051_2_PAX6.jpg
Project:name:idr0070-kerwin-hdbr/experimentA/Dataset:name:PAX6-8PCW	/uod/idr/filesets/idr0070-kerwin-hdbr/20191021-original/HDBR_PAX6/8PCW_IHC_transverse_11557/11557_L8pcw_060_3_PAX6.jpg	8PCW_IHC_transverse_11557/11557_L8pcw_060_3_PAX6.jpg
Project:name:idr0070-kerwin-hdbr/experimentA/Dataset:name:PAX6-8PCW	/uod/idr/filesets/idr0070-kerwin-hdbr/20191021-original/HDBR_PAX6/8PCW_IHC_transverse_11557/11557_L8pcw_061_2_PAX6.jpg	8PCW_IHC_transverse_11557/11557_L8pcw_061_2_PAX6.jpg
Project:name:idr0070-kerwin-hdbr/experimentA/Dataset:name:PAX6-8PCW	/uod/idr/filesets/idr0070-kerwin-hdbr/20191021-original/HDBR_PAX6/8PCW_IHC_transverse_11557/11557_L8pcw_070_3_PAX6.jpg	8PCW_IHC_transverse_11557/11557_L8pcw_070_3_PAX6.jpg
Project:name:idr0070-kerwin-hdbr/experimentA/Dataset:name:PAX6-8PCW	/uod/idr/filesets/idr0070-kerwin-hdbr/20191021-original/HDBR_PAX6/8PCW_IHC_transverse_11557/11557_L8pcw_071_2_PAX6.jpg	8PCW_IHC_transverse_11557/11557_L8pcw_071_2_PAX6.jpg
Project:name:idr0070-kerwin-hdbr/experimentA/Dataset:name:PAX6-8PCW	/uod/idr/filesets/idr0070-kerwin-hdbr/20191021-original/HDBR_PAX6/8PCW_IHC_transverse_11557/11557_L8pcw_080_3_PAX6.jpg	8PCW_IHC_transverse_11557/11557_L8pcw_080_3_PAX6.jpg
Project:name:idr0070-kerwin-hdbr/experimentA/Dataset:name:PAX6-8PCW	/uod/idr/filesets/idr0070-kerwin-hdbr/20191021-original/HDBR_PAX6/8PCW_IHC_transverse_11557/11557_L8pcw_081_3_PAX6.jpg	8PCW_IHC_transverse_11557/11557_L8pcw_081_3_PAX6.jpg
Project:name:idr0070-kerwin-hdbr/experimentA/Dataset:name:PAX6-8PCW	/uod/idr/filesets/idr0070-kerwin-hdbr/20191021-original/HDBR_PAX6/8PCW_IHC_transverse_11557/11557_L8pcw_093_3_PAX6.jpg	8PCW_IHC_transverse_11557/11557_L8pcw_093_3_PAX6.jpg
Project:name:idr0070-kerwin-hdbr/experimentA/Dataset:name:PAX6-8PCW	/uod/idr/filesets/idr0070-kerwin-hdbr/20191021-original/HDBR_PAX6/8PCW_IHC_transverse_11557/11557_L8pcw_094_2_PAX6.jpg	8PCW_IHC_transverse_11557/11557_L8pcw_094_2_PAX6.jpg
Project:name:idr0070-kerwin-hdbr/experimentA/Dataset:name:PAX6-8PCW	/uod/idr/filesets/idr0070-kerwin-hdbr/20191021-original/HDBR_PAX6/8PCW_IHC_transverse_11557/11557_L8pcw_100_3_PAX6.jpg	8PCW_IHC_transverse_11557/11557_L8pcw_100_3_PAX6.jpg
Project:name:idr0070-kerwin-hdbr/experimentA/Dataset:name:PAX6-8PCW	/uod/idr/filesets/idr0070-kerwin-hdbr/20191021-original/HDBR_PAX6/8PCW_IHC_transverse_11557/11557_L8pcw_106_2_PAX6.jpg	8PCW_IHC_transverse_11557/11557_L8pcw_106_2_PAX6.jpg
Project:name:idr0070-kerwin-hdbr/experimentA/Dataset:name:PAX6-8PCW	/uod/idr/filesets/idr0070-kerwin-hdbr/20191021-original/HDBR_PAX6/8PCW_IHC_transverse_11557/11557_L8pcw_110_3_PAX6.jpg	8PCW_IHC_transverse_11557/11557_L8pcw_110_3_PAX6.jpg
Project:name:idr0070-kerwin-hdbr/experimentA/Dataset:name:PAX6-8PCW	/uod/idr/filesets/idr0070-kerwin-hdbr/20191021-original/HDBR_PAX6/8PCW_IHC_transverse_11557/11557_L8pcw_111_2_PAX6.jpg	8PCW_IHC_transverse_11557/11557_L8pcw_111_2_PAX6.jpg
Project:name:idr0070-kerwin-hdbr/experimentA/Dataset:name:PAX6-8PCW	/uod/idr/filesets/idr0070-kerwin-hdbr/20191021-original/HDBR_PAX6/8PCW_IHC_transverse_11557/11557_L8pcw_120_3_PAX6.jpg	8PCW_IHC_transverse_11557/11557_L8pcw_120_3_PAX6.jpg
Project:name:idr0070-kerwin-hdbr/experimentA/Dataset:name:PAX6-8PCW	/uod/idr/filesets/idr0070-kerwin-hdbr/20191021-original/HDBR_PAX6/8PCW_IHC_transverse_11557/11557_L8pcw_121_2_PAX6.jpg	8PCW_IHC_transverse_11557/11557_L8pcw_121_2_PAX6.jpg
Project:name:idr0070-kerwin-hdbr/experimentA/Dataset:name:PAX6-8PCW	/uod/idr/filesets/idr0070-kerwin-hdbr/20191021-original/HDBR_PAX6/8PCW_IHC_transverse_11557/11557_L8pcw_127_2_PAX6.jpg	8PCW_IHC_transverse_11557/11557_L8pcw_127_2_PAX6.jpg
Project:name:idr0070-kerwin-hdbr/experimentA/Dataset:name:PAX6-8PCW	/uod/idr/filesets/idr0070-kerwin-hdbr/20191021-original/HDBR_PAX6/8PCW_IHC_transverse_11557/11557_L8pcw_128_3_PAX6.jpg	8PCW_IHC_transverse_11557/11557_L8pcw_128_3_PAX6.jpg
Project:name:idr0070-kerwin-hdbr/experimentA/Dataset:name:PAX6-8PCW	/uod/idr/filesets/idr0070-kerwin-hdbr/20191021-original/HDBR_PAX6/8PCW_IHC_transverse_11557/11557_L8pcw_139_2_PAX6.jpg	8PCW_IHC_transverse_11557/11557_L8pcw_139_2_PAX6.jpg
Project:name:idr0070-kerwin-hdbr/experimentA/Dataset:name:PAX6-8PCW	/uod/idr/filesets/idr0070-kerwin-hdbr/20191021-original/HDBR_PAX6/8PCW_IHC_transverse_11557/11557_L8pcw_141_3_PAX6.jpg	8PCW_IHC_transverse_11557/11557_L8pcw_141_3_PAX6.jpg
Project:name:idr0070-kerwin-hdbr/experimentA/Dataset:name:PAX6-8PCW	/uod/idr/filesets/idr0070-kerwin-hdbr/20191021-original/HDBR_PAX6/8PCW_IHC_transverse_11557/11557_L8pcw_150_2_PAX6.jpg	8PCW_IHC_transverse_11557/11557_L8pcw_150_2_PAX6.jpg
Project:name:idr0070-kerwin-hdbr/experimentA/Dataset:name:PAX6-8PCW	/uod/idr/filesets/idr0070-kerwin-hdbr/20191021-original/HDBR_PAX6/8PCW_IHC_transverse_11557/11557_L8pcw_156_3_PAX6.jpg	8PCW_IHC_transverse_11557/11557_L8pcw_156_3_PAX6.jpg
Project:name:idr0070-kerwin-hdbr/experimentA/Dataset:name:PAX6-8PCW	/uod/idr/filesets/idr0070-kerwin-hdbr/20191021-original/HDBR_PAX6/8PCW_IHC_transverse_11557/11557_L8pcw_157_1_PAX6.jpg	8PCW_IHC_transverse_11557/11557_L8pcw_157_1_PAX6.jpg
Project:name:idr0070-kerwin-hdbr/experimentA/Dataset:name:PAX6-8PCW	/uod/idr/filesets/idr0070-kerwin-hdbr/20191021-original/HDBR_PAX6/8PCW_IHC_transverse_11557/11557_L8pcw_180_1_PAX6.jpg	8PCW_IHC_transverse_11557/11557_L8pcw_180_1_PAX6.jpg
Project:name:idr0070-kerwin-hdbr/experimentA/Dataset:name:PAX6-8PCW	/uod/idr/filesets/idr0070-kerwin-hdbr/20191021-original/HDBR_PAX6/8PCW_IHC_transverse_11557/11557_L8pcw_200_2_PAX6.jpg	8PCW_IHC_transverse_11557/11557_L8pcw_200_2_PAX6.jpg
Project:name:idr0070-kerwin-hdbr/experimentA/Dataset:name:PAX6-8PCW	/uod/idr/filesets/idr0070-kerwin-hdbr/20191021-original/HDBR_PAX6/8PCW_IHC_transverse_11872/8pcw_11872_081_1_PAX6.jpg	8PCW_IHC_transverse_11872/8pcw_11872_081_1_PAX6.jpg
Project:name:idr0070-kerwin-hdbr/experimentA/Dataset:name:PAX6-8PCW	/uod/idr/filesets/idr0070-kerwin-hdbr/20191021-original/HDBR_PAX6/8PCW_IHC_transverse_11872/8pcw_11872_083_2_PAX6.jpg	8PCW_IHC_transverse_11872/8pcw_11872_083_2_PAX6.jpg
Project:name:idr0070-kerwin-hdbr/experimentA/Dataset:name:PAX6-8PCW	/uod/idr/filesets/idr0070-kerwin-hdbr/20191021-original/HDBR_PAX6/8PCW_ISH/8pcw_10775_115_4_PAX6.jpg	8PCW_ISH/8pcw_10775_115_4_PAX6.jpg
Project:name:idr0070-kerwin-hdbr/experimentA/Dataset:name:PAX6-8PCW	/uod/idr/filesets/idr0070-kerwin-hdbr/20191021-original/HDBR_PAX6/8PCW_ISH/8pcw_10828_013_5_PAX6.jpg	8PCW_ISH/8pcw_10828_013_5_PAX6.jpg
Project:name:idr0070-kerwin-hdbr/experimentA/Dataset:name:PAX6-9PCW	/uod/idr/filesets/idr0070-kerwin-hdbr/20191021-original/HDBR_PAX6/9PCW_IHC_coronal/N268_014_01_PAX6.jpg	9PCW_IHC_coronal/N268_014_01_PAX6.jpg
Project:name:idr0070-kerwin-hdbr/experimentA/Dataset:name:PAX6-9PCW	/uod/idr/filesets/idr0070-kerwin-hdbr/20191021-original/HDBR_PAX6/9PCW_IHC_coronal/N268_028_01_PAX6.jpg	9PCW_IHC_coronal/N268_028_01_PAX6.jpg
Project:name:idr0070-kerwin-hdbr/experimentA/Dataset:name:PAX6-9PCW	/uod/idr/filesets/idr0070-kerwin-hdbr/20191021-original/HDBR_PAX6/9PCW_IHC_coronal/N268_137_04_PAX6.jpg	9PCW_IHC_coronal/N268_137_04_PAX6.jpg
Project:name:idr0070-kerwin-hdbr/experimentA/Dataset:name:PAX6-9PCW	/uod/idr/filesets/idr0070-kerwin-hdbr/20191021-original/HDBR_PAX6/9PCW_ISH/9pcw_10392_121_4_pax6.jpg	9PCW_ISH/9pcw_10392_121_4_pax6.jpg
Project:name:idr0070-kerwin-hdbr/experimentA/Dataset:name:PAX6-9PCW	/uod/idr/filesets/idr0070-kerwin-hdbr/20191021-original/HDBR_PAX6/9PCW_ISH/9pcw_10392_182_2_pax6.jpg	9PCW_ISH/9pcw_10392_182_2_pax6.jpg
Project:name:idr0070-kerwin-hdbr/experimentA/Dataset:name:PAX6-9PCW	/uod/idr/filesets/idr0070-kerwin-hdbr/20191021-original/HDBR_PAX6/9PCW_ISH/9pcw_1343_029_3_pax6.jpg	9PCW_ISH/9pcw_1343_029_3_pax6.jpg
Project:name:idr0070-kerwin-hdbr/experimentA/Dataset:name:PAX6-10PCW	/uod/idr/filesets/idr0070-kerwin-hdbr/20191021-original/HDBR_PAX6/10PCW_IHC_coronal/10pcw_1677_3_019_2_pax6.jpg	10PCW_IHC_coronal/10pcw_1677_3_019_2_pax6.jpg
Project:name:idr0070-kerwin-hdbr/experimentA/Dataset:name:PAX6-10PCW	/uod/idr/filesets/idr0070-kerwin-hdbr/20191021-original/HDBR_PAX6/10PCW_IHC_coronal/10pcw_1677_3_020_3_pax6.jpg	10PCW_IHC_coronal/10pcw_1677_3_020_3_pax6.jpg
Project:name:idr0070-kerwin-hdbr/experimentA/Dataset:name:PAX6-10PCW	/uod/idr/filesets/idr0070-kerwin-hdbr/20191021-original/HDBR_PAX6/10PCW_IHC_coronal/10pcw_2036_5_020_1_pax6.jpg	10PCW_IHC_coronal/10pcw_2036_5_020_1_pax6.jpg
Project:name:idr0070-kerwin-hdbr/experimentA/Dataset:name:PAX6-10PCW	/uod/idr/filesets/idr0070-kerwin-hdbr/20191021-original/HDBR_PAX6/10PCW_IHC_sagittal/10pcw_1605_103_1_pax6.jpg	10PCW_IHC_sagittal/10pcw_1605_103_1_pax6.jpg
Project:name:idr0070-kerwin-hdbr/experimentA/Dataset:name:PAX6-10PCW	/uod/idr/filesets/idr0070-kerwin-hdbr/20191021-original/HDBR_PAX6/10PCW_IHC_sagittal/10pcw_1605_109_1_pax6.jpg	10PCW_IHC_sagittal/10pcw_1605_109_1_pax6.jpg
Project:name:idr0070-kerwin-hdbr/experimentA/Dataset:name:PAX6-10PCW	/uod/idr/filesets/idr0070-kerwin-hdbr/20191021-original/HDBR_PAX6/10PCW_IHC_transverse/10pcw_12721_16_002_3_PAX6.jpg	10PCW_IHC_transverse/10pcw_12721_16_002_3_PAX6.jpg
Project:name:idr0070-kerwin-hdbr/experimentA/Dataset:name:PAX6-10PCW	/uod/idr/filesets/idr0070-kerwin-hdbr/20191021-original/HDBR_PAX6/10PCW_IHC_transverse/10pcw_12721_16_021_3_PAX6.jpg	10PCW_IHC_transverse/10pcw_12721_16_021_3_PAX6.jpg
Project:name:idr0070-kerwin-hdbr/experimentA/Dataset:name:PAX6-10PCW	/uod/idr/filesets/idr0070-kerwin-hdbr/20191021-original/HDBR_PAX6/10PCW_IHC_transverse/10pcw_12721_16_031_3_pax6.jpg	10PCW_IHC_transverse/10pcw_12721_16_031_3_pax6.jpg
Project:name:idr0070-kerwin-hdbr/experimentA/Dataset:name:PAX6-10PCW	/uod/idr/filesets/idr0070-kerwin-hdbr/20191021-original/HDBR_PAX6/10PCW_IHC_transverse/10pcw_12721_16_041_3_PAX6.jpg	10PCW_IHC_transverse/10pcw_12721_16_041_3_PAX6.jpg
Project:name:idr0070-kerwin-hdbr/experimentA/Dataset:name:PAX6-10PCW	/uod/idr/filesets/idr0070-kerwin-hdbr/20191021-original/HDBR_PAX6/10PCW_IHC_transverse/10pcw_12721_16_051_pax6.jpg	10PCW_IHC_transverse/10pcw_12721_16_051_pax6.jpg
Project:name:idr0070-kerwin-hdbr/experimentA/Dataset:name:PAX6-10PCW	/uod/idr/filesets/idr0070-kerwin-hdbr/20191021-original/HDBR_PAX6/10PCW_IHC_transverse/10pcw_12721_4_012_3_PAX6.jpg	10PCW_IHC_transverse/10pcw_12721_4_012_3_PAX6.jpg
Project:name:idr0070-kerwin-hdbr/experimentA/Dataset:name:PAX6-10PCW	/uod/idr/filesets/idr0070-kerwin-hdbr/20191021-original/HDBR_PAX6/10PCW_IHC_transverse/10pcw_12721_4_021_3_pax6.jpg	10PCW_IHC_transverse/10pcw_12721_4_021_3_pax6.jpg
Project:name:idr0070-kerwin-hdbr/experimentA/Dataset:name:PAX6-10PCW	/uod/idr/filesets/idr0070-kerwin-hdbr/20191021-original/HDBR_PAX6/10PCW_IHC_transverse/10pcw_12721_4_031_3_PAX6.jpg	10PCW_IHC_transverse/10pcw_12721_4_031_3_PAX6.jpg
Project:name:idr0070-kerwin-hdbr/experimentA/Dataset:name:PAX6-10PCW	/uod/idr/filesets/idr0070-kerwin-hdbr/20191021-original/HDBR_PAX6/10PCW_IHC_transverse/10pcw_12721_4_041_3_PAX6.jpg	10PCW_IHC_transverse/10pcw_12721_4_041_3_PAX6.jpg
Project:name:idr0070-kerwin-hdbr/experimentA/Dataset:name:PAX6-10PCW	/uod/idr/filesets/idr0070-kerwin-hdbr/20191021-original/HDBR_PAX6/10PCW_IHC_transverse/10pcw_12721_4_051_3_PAX6.jpg	10PCW_IHC_transverse/10pcw_12721_4_051_3_PAX6.jpg
Project:name:idr0070-kerwin-hdbr/experimentA/Dataset:name:PAX6-10PCW	/uod/idr/filesets/idr0070-kerwin-hdbr/20191021-original/HDBR_PAX6/10PCW_IHC_transverse/10pcw_12721_4_061_3_PAX6.jpg	10PCW_IHC_transverse/10pcw_12721_4_061_3_PAX6.jpg
Project:name:idr0070-kerwin-hdbr/experimentA/Dataset:name:PAX6-10PCW	/uod/idr/filesets/idr0070-kerwin-hdbr/20191021-original/HDBR_PAX6/10PCW_IHC_transverse/10pcw_12721_4_071_3_PAX6.jpg	10PCW_IHC_transverse/10pcw_12721_4_071_3_PAX6.jpg
Project:name:idr0070-kerwin-hdbr/experimentA/Dataset:name:PAX6-10PCW	/uod/idr/filesets/idr0070-kerwin-hdbr/20191021-original/HDBR_PAX6/10PCW_IHC_transverse/10pcw_12721_4_081_3_PAX6.jpg	10PCW_IHC_transverse/10pcw_12721_4_081_3_PAX6.jpg
Project:name:idr0070-kerwin-hdbr/experimentA/Dataset:name:PAX6-10PCW	/uod/idr/filesets/idr0070-kerwin-hdbr/20191021-original/HDBR_PAX6/10PCW_IHC_transverse/10pcw_12721_4_091_3_PAX6.jpg	10PCW_IHC_transverse/10pcw_12721_4_091_3_PAX6.jpg
Project:name:idr0070-kerwin-hdbr/experimentA/Dataset:name:PAX6-10PCW	/uod/idr/filesets/idr0070-kerwin-hdbr/20191021-original/HDBR_PAX6/10PCW_IHC_transverse/10pcw_12721_4_102_3_pax6.jpg	10PCW_IHC_transverse/10pcw_12721_4_102_3_pax6.jpg
Project:name:idr0070-kerwin-hdbr/experimentA/Dataset:name:PAX6-10PCW	/uod/idr/filesets/idr0070-kerwin-hdbr/20191021-original/HDBR_PAX6/10PCW_IHC_transverse/10pcw_12721_4_115_3_PAX6.jpg	10PCW_IHC_transverse/10pcw_12721_4_115_3_PAX6.jpg
Project:name:idr0070-kerwin-hdbr/experimentA/Dataset:name:PAX6-10PCW	/uod/idr/filesets/idr0070-kerwin-hdbr/20191021-original/HDBR_PAX6/10PCW_IHC_transverse/10pcw_12721_4_121_3_pax6.jpg	10PCW_IHC_transverse/10pcw_12721_4_121_3_pax6.jpg
Project:name:idr0070-kerwin-hdbr/experimentA/Dataset:name:PAX6-10PCW	/uod/idr/filesets/idr0070-kerwin-hdbr/20191021-original/HDBR_PAX6/10PCW_IHC_transverse/10pcw_12721_4_131_3_PAX6.jpg	10PCW_IHC_transverse/10pcw_12721_4_131_3_PAX6.jpg
Project:name:idr0070-kerwin-hdbr/experimentA/Dataset:name:PAX6-10PCW	/uod/idr/filesets/idr0070-kerwin-hdbr/20191021-original/HDBR_PAX6/10PCW_IHC_transverse/10pcw_12721_4_141_3_pax6.jpg	10PCW_IHC_transverse/10pcw_12721_4_141_3_pax6.jpg
Project:name:idr0070-kerwin-hdbr/experimentA/Dataset:name:PAX6-10PCW	/uod/idr/filesets/idr0070-kerwin-hdbr/20191021-original/HDBR_PAX6/10PCW_IHC_transverse/10pcw_12721_4_151_3_PAX6.jpg	10PCW_IHC_transverse/10pcw_12721_4_151_3_PAX6.jpg
Project:name:idr0070-kerwin-hdbr/experimentA/Dataset:name:PAX6-10PCW	/uod/idr/filesets/idr0070-kerwin-hdbr/20191021-original/HDBR_PAX6/10PCW_IHC_transverse/10pcw_12721_4_161_3_pax6.jpg	10PCW_IHC_transverse/10pcw_12721_4_161_3_pax6.jpg
Project:name:idr0070-kerwin-hdbr/experimentA/Dataset:name:PAX6-10PCW	/uod/idr/filesets/idr0070-kerwin-hdbr/20191021-original/HDBR_PAX6/10PCW_IHC_transverse/10pcw_12721_4_172_3_PAX6.jpg	10PCW_IHC_transverse/10pcw_12721_4_172_3_PAX6.jpg
Project:name:idr0070-kerwin-hdbr/experimentA/Dataset:name:PAX6-10PCW	/uod/idr/filesets/idr0070-kerwin-hdbr/20191021-original/HDBR_PAX6/10PCW_IHC_transverse/10pcw_12721_4_182_3_pax6.jpg	10PCW_IHC_transverse/10pcw_12721_4_182_3_pax6.jpg
Project:name:idr0070-kerwin-hdbr/experimentA/Dataset:name:PAX6-10PCW	/uod/idr/filesets/idr0070-kerwin-hdbr/20191021-original/HDBR_PAX6/10PCW_IHC_transverse/10pcw_12721_4_192_3_PAX6.jpg	10PCW_IHC_transverse/10pcw_12721_4_192_3_PAX6.jpg
Project:name:idr0070-kerwin-hdbr/experimentA/Dataset:name:PAX6-10PCW	/uod/idr/filesets/idr0070-kerwin-hdbr/20191021-original/HDBR_PAX6/10PCW_IHC_transverse/10pcw_12721_4_201_3_pax6.jpg	10PCW_IHC_transverse/10pcw_12721_4_201_3_pax6.jpg
Project:name:idr0070-kerwin-hdbr/experimentA/Dataset:name:PAX6-10PCW	/uod/idr/filesets/idr0070-kerwin-hdbr/20191021-original/HDBR_PAX6/10PCW_IHC_transverse/10pcw_12721_4_211_3_PAX6.jpg	10PCW_IHC_transverse/10pcw_12721_4_211_3_PAX6.jpg
Project:name:idr0070-kerwin-hdbr/experimentA/Dataset:name:PAX6-10PCW	/uod/idr/filesets/idr0070-kerwin-hdbr/20191021-original/HDBR_PAX6/10PCW_IHC_transverse/10pcw_12721_4_221_3_pax6.jpg	10PCW_IHC_transverse/10pcw_12721_4_221_3_pax6.jpg
Project:name:idr0070-kerwin-hdbr/experimentA/Dataset:name:PAX6-10PCW	/uod/idr/filesets/idr0070-kerwin-hdbr/20191021-original/HDBR_PAX6/10PCW_IHC_transverse/10pcw_12721_4_231_3_PAX6.jpg	10PCW_IHC_transverse/10pcw_12721_4_231_3_PAX6.jpg
Project:name:idr0070-kerwin-hdbr/experimentA/Dataset:name:PAX6-10PCW	/uod/idr/filesets/idr0070-kerwin-hdbr/20191021-original/HDBR_PAX6/10PCW_IHC_transverse/10pcw_12721_4_241_3_PAX6.jpg	10PCW_IHC_transverse/10pcw_12721_4_241_3_PAX6.jpg
Project:name:idr0070-kerwin-hdbr/experimentA/Dataset:name:PAX6-10PCW	/uod/idr/filesets/idr0070-kerwin-hdbr/20191021-original/HDBR_PAX6/10PCW_IHC_transverse/10pcw_12721_4_250_3_PAX6.jpg	10PCW_IHC_transverse/10pcw_12721_4_250_3_PAX6.jpg
Project:name:idr0070-kerwin-hdbr/experimentA/Dataset:name:PAX6-10PCW	/uod/idr/filesets/idr0070-kerwin-hdbr/20191021-original/HDBR_PAX6/10PCW_ISH/10pcw_1183_11_2_pax6.jpg	10PCW_ISH/10pcw_1183_11_2_pax6.jpg
Project:name:idr0070-kerwin-hdbr/experimentA/Dataset:name:PAX6-10PCW	/uod/idr/filesets/idr0070-kerwin-hdbr/20191021-original/HDBR_PAX6/10PCW_ISH/10pcw_1295-1_2_2_pax6.jpg	10PCW_ISH/10pcw_1295-1_2_2_pax6.jpg
Project:name:idr0070-kerwin-hdbr/experimentA/Dataset:name:PAX6-10PCW	/uod/idr/filesets/idr0070-kerwin-hdbr/20191021-original/HDBR_PAX6/10PCW_ISH/10pcw_1295-1_8_2_pax6.jpg	10PCW_ISH/10pcw_1295-1_8_2_pax6.jpg
Project:name:idr0070-kerwin-hdbr/experimentA/Dataset:name:PAX6-10PCW	/uod/idr/filesets/idr0070-kerwin-hdbr/20191021-original/HDBR_PAX6/10PCW_ISH/10pcw_1295-3_1_1_pax6.jpg	10PCW_ISH/10pcw_1295-3_1_1_pax6.jpg
Project:name:idr0070-kerwin-hdbr/experimentA/Dataset:name:PAX6-10PCW	/uod/idr/filesets/idr0070-kerwin-hdbr/20191021-original/HDBR_PAX6/10PCW_ISH/10pcw_1295-3_8_2_pax6.jpg	10PCW_ISH/10pcw_1295-3_8_2_pax6.jpg
Project:name:idr0070-kerwin-hdbr/experimentA/Dataset:name:PAX6-11PCW	/uod/idr/filesets/idr0070-kerwin-hdbr/20191021-original/HDBR_PAX6/11PCW_IHC_sagittal/11pcw_12032_089_1_pax6.jpg	11PCW_IHC_sagittal/11pcw_12032_089_1_pax6.jpg
Project:name:idr0070-kerwin-hdbr/experimentA/Dataset:name:PAX6-12PCW	/uod/idr/filesets/idr0070-kerwin-hdbr/20191021-original/HDBR_PAX6/12PCW_IHC_coronal/11523_10_040_2_PAX6.jpg	12PCW_IHC_coronal/11523_10_040_2_PAX6.jpg
Project:name:idr0070-kerwin-hdbr/experimentA/Dataset:name:PAX6-12PCW	/uod/idr/filesets/idr0070-kerwin-hdbr/20191021-original/HDBR_PAX6/12PCW_IHC_coronal/11761_12_010_2_pax6.jpg	12PCW_IHC_coronal/11761_12_010_2_pax6.jpg
Project:name:idr0070-kerwin-hdbr/experimentA/Dataset:name:PAX6-12PCW	/uod/idr/filesets/idr0070-kerwin-hdbr/20191021-original/HDBR_PAX6/12PCW_IHC_coronal/11761_12_011_2_pax6.jpg	12PCW_IHC_coronal/11761_12_011_2_pax6.jpg
Project:name:idr0070-kerwin-hdbr/experimentA/Dataset:name:PAX6-12PCW	/uod/idr/filesets/idr0070-kerwin-hdbr/20191021-original/HDBR_PAX6/12PCW_IHC_coronal/11761_12_028_2_pax6.jpg	12PCW_IHC_coronal/11761_12_028_2_pax6.jpg
Project:name:idr0070-kerwin-hdbr/experimentA/Dataset:name:PAX6-12PCW	/uod/idr/filesets/idr0070-kerwin-hdbr/20191021-original/HDBR_PAX6/12PCW_IHC_coronal/11761_12_029_2_pax6.jpg	12PCW_IHC_coronal/11761_12_029_2_pax6.jpg
Project:name:idr0070-kerwin-hdbr/experimentA/Dataset:name:PAX6-12PCW	/uod/idr/filesets/idr0070-kerwin-hdbr/20191021-original/HDBR_PAX6/12PCW_IHC_coronal/11761_12_031_2_pax6.jpg	12PCW_IHC_coronal/11761_12_031_2_pax6.jpg
Project:name:idr0070-kerwin-hdbr/experimentA/Dataset:name:PAX6-12PCW	/uod/idr/filesets/idr0070-kerwin-hdbr/20191021-original/HDBR_PAX6/12PCW_IHC_coronal/11761_12_050_2_pax6.jpg	12PCW_IHC_coronal/11761_12_050_2_pax6.jpg
Project:name:idr0070-kerwin-hdbr/experimentA/Dataset:name:PAX6-12PCW	/uod/idr/filesets/idr0070-kerwin-hdbr/20191021-original/HDBR_PAX6/12PCW_IHC_coronal/11761_12_051_2_pax6.jpg	12PCW_IHC_coronal/11761_12_051_2_pax6.jpg
Project:name:idr0070-kerwin-hdbr/experimentA/Dataset:name:PAX6-12PCW	/uod/idr/filesets/idr0070-kerwin-hdbr/20191021-original/HDBR_PAX6/12PCW_IHC_coronal/11761_12_070_2_pax6.jpg	12PCW_IHC_coronal/11761_12_070_2_pax6.jpg
Project:name:idr0070-kerwin-hdbr/experimentA/Dataset:name:PAX6-12PCW	/uod/idr/filesets/idr0070-kerwin-hdbr/20191021-original/HDBR_PAX6/12PCW_IHC_coronal/11761_12_071_2_pax6.jpg	12PCW_IHC_coronal/11761_12_071_2_pax6.jpg
Project:name:idr0070-kerwin-hdbr/experimentA/Dataset:name:PAX6-12PCW	/uod/idr/filesets/idr0070-kerwin-hdbr/20191021-original/HDBR_PAX6/12PCW_IHC_coronal/11761_12_090_2_pax6.jpg	12PCW_IHC_coronal/11761_12_090_2_pax6.jpg
Project:name:idr0070-kerwin-hdbr/experimentA/Dataset:name:PAX6-12PCW	/uod/idr/filesets/idr0070-kerwin-hdbr/20191021-original/HDBR_PAX6/12PCW_IHC_coronal/11761_12_091_2_pax6.jpg	12PCW_IHC_coronal/11761_12_091_2_pax6.jpg
Project:name:idr0070-kerwin-hdbr/experimentA/Dataset:name:PAX6-12PCW	/uod/idr/filesets/idr0070-kerwin-hdbr/20191021-original/HDBR_PAX6/12PCW_IHC_coronal/11761_12_108_2_pax6.jpg	12PCW_IHC_coronal/11761_12_108_2_pax6.jpg
Project:name:idr0070-kerwin-hdbr/experimentA/Dataset:name:PAX6-12PCW	/uod/idr/filesets/idr0070-kerwin-hdbr/20191021-original/HDBR_PAX6/12PCW_IHC_coronal/11761_12_109_2_pax6.jpg	12PCW_IHC_coronal/11761_12_109_2_pax6.jpg
Project:name:idr0070-kerwin-hdbr/experimentA/Dataset:name:PAX6-12PCW	/uod/idr/filesets/idr0070-kerwin-hdbr/20191021-original/HDBR_PAX6/12PCW_IHC_coronal/11761_12_129_2_pax6.jpg	12PCW_IHC_coronal/11761_12_129_2_pax6.jpg
Project:name:idr0070-kerwin-hdbr/experimentA/Dataset:name:PAX6-12PCW	/uod/idr/filesets/idr0070-kerwin-hdbr/20191021-original/HDBR_PAX6/12PCW_IHC_coronal/11761_12_130_2_pax6.jpg	12PCW_IHC_coronal/11761_12_130_2_pax6.jpg
Project:name:idr0070-kerwin-hdbr/experimentA/Dataset:name:PAX6-12PCW	/uod/idr/filesets/idr0070-kerwin-hdbr/20191021-original/HDBR_PAX6/12PCW_IHC_coronal/11761_12_151_2_pax6.jpg	12PCW_IHC_coronal/11761_12_151_2_pax6.jpg
Project:name:idr0070-kerwin-hdbr/experimentA/Dataset:name:PAX6-12PCW	/uod/idr/filesets/idr0070-kerwin-hdbr/20191021-original/HDBR_PAX6/12PCW_IHC_coronal/11761_12_152_2_pax6.jpg	12PCW_IHC_coronal/11761_12_152_2_pax6.jpg
Project:name:idr0070-kerwin-hdbr/experimentA/Dataset:name:PAX6-12PCW	/uod/idr/filesets/idr0070-kerwin-hdbr/20191021-original/HDBR_PAX6/12PCW_IHC_coronal/11761_12_160_2_pax6.jpg	12PCW_IHC_coronal/11761_12_160_2_pax6.jpg
Project:name:idr0070-kerwin-hdbr/experimentA/Dataset:name:PAX6-12PCW	/uod/idr/filesets/idr0070-kerwin-hdbr/20191021-original/HDBR_PAX6/12PCW_IHC_coronal/11761_12_171_2_pax6.jpg	12PCW_IHC_coronal/11761_12_171_2_pax6.jpg
Project:name:idr0070-kerwin-hdbr/experimentA/Dataset:name:PAX6-12PCW	/uod/idr/filesets/idr0070-kerwin-hdbr/20191021-original/HDBR_PAX6/12PCW_IHC_sagittal/12pcw_1065_2_063_1_pax6.jpg	12PCW_IHC_sagittal/12pcw_1065_2_063_1_pax6.jpg
Project:name:idr0070-kerwin-hdbr/experimentA/Dataset:name:PAX6-12PCW	/uod/idr/filesets/idr0070-kerwin-hdbr/20191021-original/HDBR_PAX6/12PCW_IHC_sagittal/12pcw_1065_2_086_1_pax6.jpg	12PCW_IHC_sagittal/12pcw_1065_2_086_1_pax6.jpg
Project:name:idr0070-kerwin-hdbr/experimentA/Dataset:name:PAX6-12PCW	/uod/idr/filesets/idr0070-kerwin-hdbr/20191021-original/HDBR_PAX6/12PCW_IHC_sagittal/12pcw_1065_2_092_1_pax6.jpg	12PCW_IHC_sagittal/12pcw_1065_2_092_1_pax6.jpg
Project:name:idr0070-kerwin-hdbr/experimentA/Dataset:name:PAX6-12PCW	/uod/idr/filesets/idr0070-kerwin-hdbr/20191021-original/HDBR_PAX6/12PCW_IHC_sagittal/12pcw_1065_2_095_1_pax6.jpg	12PCW_IHC_sagittal/12pcw_1065_2_095_1_pax6.jpg
Project:name:idr0070-kerwin-hdbr/experimentA/Dataset:name:PAX6-12PCW	/uod/idr/filesets/idr0070-kerwin-hdbr/20191021-original/HDBR_PAX6/12PCW_IHC_sagittal/12pcw_11610_9_114_1_pax6.jpg	12PCW_IHC_sagittal/12pcw_11610_9_114_1_pax6.jpg
Project:name:idr0070-kerwin-hdbr/experimentA/Dataset:name:PAX6-12PCW	/uod/idr/filesets/idr0070-kerwin-hdbr/20191021-original/HDBR_PAX6/12PCW_IHC_sagittal/12pcw_11610_9_162_1_pax6.jpg	12PCW_IHC_sagittal/12pcw_11610_9_162_1_pax6.jpg
Project:name:idr0070-kerwin-hdbr/experimentA/Dataset:name:PAX6-12PCW	/uod/idr/filesets/idr0070-kerwin-hdbr/20191021-original/HDBR_PAX6/12PCW_IHC_sagittal/12pcw_11795_11_098_2_pax6.jpg	12PCW_IHC_sagittal/12pcw_11795_11_098_2_pax6.jpg
Project:name:idr0070-kerwin-hdbr/experimentA/Dataset:name:PAX6-12PCW	/uod/idr/filesets/idr0070-kerwin-hdbr/20191021-original/HDBR_PAX6/12PCW_IHC_sagittal/12pcw_11795_11_187_1_pax6.jpg	12PCW_IHC_sagittal/12pcw_11795_11_187_1_pax6.jpg
Project:name:idr0070-kerwin-hdbr/experimentA/Dataset:name:PAX6-12PCW	/uod/idr/filesets/idr0070-kerwin-hdbr/20191021-original/HDBR_PAX6/12PCW_IHC_sagittal/12pcw_11795_11_188_1_pax6.jpg	12PCW_IHC_sagittal/12pcw_11795_11_188_1_pax6.jpg
Project:name:idr0070-kerwin-hdbr/experimentA/Dataset:name:PAX6-12PCW	/uod/idr/filesets/idr0070-kerwin-hdbr/20191021-original/HDBR_PAX6/12PCW_IHC_sagittal/12pcw_2033_1_075_1_pax6.jpg	12PCW_IHC_sagittal/12pcw_2033_1_075_1_pax6.jpg
Project:name:idr0070-kerwin-hdbr/experimentA/Dataset:name:PAX6-12PCW	/uod/idr/filesets/idr0070-kerwin-hdbr/20191021-original/HDBR_PAX6/12PCW_IHC_sagittal/12pcw_2033_1_185_1_pax6.jpg	12PCW_IHC_sagittal/12pcw_2033_1_185_1_pax6.jpg
Project:name:idr0070-kerwin-hdbr/experimentA/Dataset:name:PAX6-12PCW	/uod/idr/filesets/idr0070-kerwin-hdbr/20191021-original/HDBR_PAX6/12PCW_ISH/12pcw_10929_18_1_pax6.jpg	12PCW_ISH/12pcw_10929_18_1_pax6.jpg
Project:name:idr0070-kerwin-hdbr/experimentA/Dataset:name:PAX6-17PCW	/uod/idr/filesets/idr0070-kerwin-hdbr/20191021-original/HDBR_PAX6/17PCW_IHC_transverse/17pcw_12026_045_pax6.jpg	17PCW_IHC_transverse/17pcw_12026_045_pax6.jpg
